#;            identifier             ;typ;   radvel   ;  redshift  ;     cz     ;#dist; distance Q unit;  err-        err+     ; method ;     reference     
1  ;2MFGC 16293                        ;G  ;4078        ;0.013697    ;4106.12     ;    1;   27.7     Mpc ;                       ;T-F     ;2014MNRAS.444..527S
2  ;UGC 11923                          ;G  ;3090        ;0.010361    ;3106.09     ;    1;   28.44    Mpc ;  -4.10       +4.10    ;T-F     ;2020ApJ...902..145K
3  ;IC 65                              ;G  ;2619        ;0.008775    ;2630.54     ;    1;   29.65    Mpc ;  -2.40       +2.40    ;T-F     ;2020ApJ...902..145K
4  ;UGC 2459                           ;G  ;2469        ;0.008270    ;2479.25     ;    1;   33.88    Mpc ;  -1.98       +1.98    ;T-F     ;2020ApJ...902..145K
5  ;NGC 6703                           ;G  ;2345        ;0.007852    ;2353.97     ;    1;   26.4241  Mpc ;                       ;redshift;2019A&A...631A..38L
6  ;NGC 6911                           ;G  ;2485        ;0.008324    ;2495.39     ;    1;   40.36    Mpc ;  -5.63       +5.63    ;T-F     ;2020ApJ...902..145K
7  ;UGC 12160                          ;G  ;1550        ;0.005184    ;1554.12     ;    1;   25.5859  Mpc ;                       ;redshift;2019A&A...631A..38L
8  ;2MASX J19583495+6935122            ;G  ;2428        ;0.008132    ;2437.91     ;    1;   28.18    Mpc ;                       ;        ;2016AJ....152...50T
9  ;ZOAG G133.90+13.38                 ;G  ;2074        ;0.006942    ;2081.22     ;    1;   25.59    Mpc ;  -1.96       +1.96    ;T-F     ;2020ApJ...902..145K
10 ;UGC 392                            ;G  ;1403        ;0.004691    ;1406.30     ;    1;   26.30    Mpc ;  -4.26       +4.26    ;T-F     ;2020ApJ...902..145K
11 ;UGC 2519                           ;G  ;2344        ;0.007850    ;2353.24     ;    1;   28.97    Mpc ;  -3.78       +3.78    ;T-F     ;2020ApJ...902..145K
12 ;UGC 3042                           ;G  ;3061        ;0.010263    ;3076.79     ;    1;   29.11    Mpc ;  -3.41       +3.41    ;T-F     ;2020ApJ...902..145K
13 ;IC 381                             ;G  ;2470        ;0.008272    ;2479.88     ;    1;   25       Mpc ;  -4          +5       ;T-F     ;2008ApJ...676..184T
14 ;UGC 3314                           ;G  ;2184        ;0.007312    ;2192.01     ;    1;   25.23    Mpc ;  -2.16       +2.16    ;T-F     ;2020ApJ...902..145K
15 ;UGC 4078                           ;G  ;1862        ;0.006230    ;1867.82     ;    1;   29.92    Mpc ;  -4.44       +4.44    ;T-F     ;2020ApJ...902..145K
16 ;UGC 3540                           ;G  ;1943        ;0.006502    ;1949.34     ;    1;   29.38    Mpc ;  -6.21       +6.21    ;T-F     ;2020ApJ...902..145K
17 ;UGC 10054                          ;G  ;1497        ;0.005006    ;1500.76     ;    1;   27.80    Mpc ;  -3.25       +3.25    ;T-F     ;2020ApJ...902..145K
18 ;UGC 10125                          ;G  ;1634        ;0.005465    ;1638.48     ;    1;   29.79    Mpc ;  -4.56       +4.56    ;T-F     ;2020ApJ...902..145K
19 ;UGC 3580                           ;G  ;1199        ;0.004007    ;1201.41     ;    1;   20.42    Mpc ;  -2.66       +2.66    ;T-F     ;2020ApJ...902..145K
20 ;IC 2166                            ;G  ;2685        ;0.008997    ;2697.13     ;    1;   38.90    Mpc ;  -4.20       +4.20    ;T-F     ;2020ApJ...902..145K
21 ;UGC 5114                           ;G  ;1605        ;0.005367    ;1608.99     ;    1;   14.86    Mpc ;                       ;        ;2016AJ....152...50T
22 ;UGC 3749                           ;G  ;1154        ;0.003857    ;1156.23     ;    1;   25.35    Mpc ;  -2.85       +2.85    ;T-F     ;2020ApJ...902..145K
23 ;UGC 10369                          ;G  ;1001        ;0.003345    ;1002.68     ;    1;   27.42    Mpc ;  -3.82       +3.82    ;T-F     ;2020ApJ...902..145K
24 ;UGC 5203                           ;G  ;1540        ;0.005150    ;1543.98     ;    1;   25.94    Mpc ;  -2.22       +2.22    ;T-F     ;2020ApJ...902..145K
25 ;IC 2389                            ;G  ;2383        ;0.007981    ;2392.55     ;    1;   22.80    Mpc ;  -2.36       +2.36    ;T-F     ;2020ApJ...902..145K
26 ;UGC 10194                          ;G  ;871         ;0.002910    ;872.27      ;    1;   28.71    Mpc ;  -7.23       +7.23    ;T-F     ;2020ApJ...902..145K
27 ;NGC 3901                           ;G  ;1709        ;0.005717    ;1713.90     ;    1;   27.54    Mpc ;  -4.46       +4.46    ;T-F     ;2020ApJ...902..145K
28 ;UGC 4024                           ;G  ;1716        ;0.005740    ;1720.94     ;    1;   31.62    Mpc ;  -4.84       +4.84    ;T-F     ;2020ApJ...902..145K
29 ;UGC 7238                           ;G  ;1695        ;0.005670    ;1699.82     ;    1;   29.24    Mpc ;  -5.26       +5.26    ;T-F     ;2020ApJ...902..145K
30 ;NGC 3752                           ;G  ;1915        ;0.0064      ;1921        ;    1;   25.94    Mpc ;  -2.33       +2.33    ;T-F     ;2020ApJ...902..145K
31 ;UGC 4121                           ;G  ;1093        ;0.003653    ;1095.00     ;    1;   25.70    Mpc ;  -2.78       +2.78    ;T-F     ;2020ApJ...902..145K
32 ;UGC 3853                           ;G  ;932         ;0.003114    ;933.45      ;    1;   27.93    Mpc ;                       ;        ;2016AJ....152...50T
33 ;NGC 4120                           ;G  ;2246        ;0.007520    ;2254.48     ;    1;   32.81    Mpc ;  -4.43       +4.43    ;T-F     ;2020ApJ...902..145K
34 ;UGC 6711                           ;G  ;2702        ;0.009054    ;2714.29     ;    1;   29.51    Mpc ;  -5.98       +5.98    ;T-F     ;2020ApJ...902..145K
35 ;NGC 3879                           ;G  ;1430        ;0.004781    ;1433.43     ;    1;   25.82    Mpc ;  -3.14       +3.14    ;T-F     ;2020ApJ...902..145K
36 ;UGC 10095                          ;G  ;1857        ;0.006214    ;1862.79     ;    1;   28.44    Mpc ;  -4.48       +4.48    ;T-F     ;2020ApJ...902..145K
37 ;UGC 7019                           ;G  ;1517        ;0.005073    ;1520.86     ;    1;   26.92    Mpc ;  -7.02       +7.02    ;T-F     ;2020ApJ...902..145K
38 ;UGC 6390                           ;G  ;1013        ;0.003385    ;1014.72     ;    1;   24.43    Mpc ;  -2.31       +2.31    ;T-F     ;2020ApJ...902..145K
39 ;NGC 5687                           ;G  ;2159        ;0.007228    ;2166.90     ;    1;   28.84    Mpc ;                       ;        ;2016AJ....152...50T
40 ;UGC 9245                           ;G  ;1894        ;0.006338    ;1900.02     ;    1;   28.18    Mpc ;  -6.47       +6.47    ;T-F     ;2020ApJ...902..145K
41 ;NGC 3589                           ;G  ;1969        ;0.006590    ;1975.51     ;    1;   31.05    Mpc ;  -5.73       +5.73    ;T-F     ;2020ApJ...902..145K
42 ;NGC 3206                           ;G  ;1156        ;0.003863    ;1158.24     ;    1;   21.78    Mpc ;  -3.43       +3.43    ;T-F     ;2020ApJ...902..145K
43 ;UGC 4551                           ;G  ;1733        ;0.005797    ;1737.90     ;    1;   28.0584  Mpc ;                       ;redshift;2019A&A...631A..38L
44 ;UGC 4148                           ;G  ;731         ;0.002441    ;731.89      ;    1;   24.32    Mpc ;                       ;        ;2016AJ....152...50T
45 ;NGC 5481                           ;G  ;2065        ;0.006911    ;2071.87     ;    1;   30.8200  Mpc ;                       ;redshift;2019A&A...631A..38L
46 ;NGC 2712                           ;G  ;1793        ;0.0060      ;1799        ;    1;   31.19    Mpc ;  -3.79       +3.79    ;T-F     ;2020ApJ...902..145K
47 ;Mrk 157                            ;G  ;1387        ;0.004637    ;1390.14     ;    1;   25.9     Mpc ;                       ;        ;2000ApJ...529..786M
48 ;NGC 5708                           ;G  ;2723        ;0.009125    ;2735.48     ;    1;   30.90    Mpc ;  -2.64       +2.64    ;T-F     ;2020ApJ...902..145K
49 ;Mrk 140                            ;G  ;1661        ;0.005556    ;1665.63     ;    1;   29.8     Mpc ;                       ;        ;2000ApJ...529..786M
50 ;NGC 5630                           ;G  ;2653        ;0.008889    ;2664.84     ;    1;   31.05    Mpc ;  -2.37       +2.37    ;T-F     ;2020ApJ...902..145K
51 ;NGC 1211                           ;G  ;3219.6      ;0.010798    ;3237.08     ;    1;   28.71    Mpc ;                       ;        ;2016AJ....152...50T
52 ;UGC 2482                           ;G  ;2651.5      ;0.008884    ;2663.33     ;    1;   28.05    Mpc ;  -5.55       +5.55    ;T-F     ;2020ApJ...902..145K
53 ;ESO 547-5                          ;G  ;1592        ;0.005325    ;1596.25     ;    1;   29.65    Mpc ; -12.67      +12.67    ;T-F     ;2020ApJ...902..145K
54 ;ESO 480-25                         ;G  ;1730.5      ;0.005789    ;1735.52     ;    1;   27.16    Mpc ;  -8.80       +8.80    ;T-F     ;2020ApJ...902..145K
55 ;MCG-03-09-027                      ;G  ;2008.6      ;0.006723    ;2015.37     ;    1;   27.67    Mpc ;  -4.23       +4.23    ;T-F     ;2020ApJ...902..145K
56 ;6dFGS gJ034718.3-144150            ;G  ;1686        ;0.005640    ;1690.77     ;    1;   27.04    Mpc ;  -6.21       +6.21    ;T-F     ;2020ApJ...902..145K
57 ;MCG-03-11-019                      ;G  ;1958.7      ;0.006555    ;1965.14     ;    1;   23.12    Mpc ;  -2.29       +2.29    ;T-F     ;2020ApJ...902..145K
58 ;ESO 422-5                          ;G  ;1465.1      ;0.004899    ;1468.70     ;    1;   26.06    Mpc ;                       ;        ;2016AJ....152...50T
59 ;UGCA 104                           ;G  ;1982.3      ;0.006634    ;1988.90     ;    1;   30.90    Mpc ;  -5.98       +5.98    ;T-F     ;2020ApJ...902..145K
60 ;MCG-03-14-001                      ;G  ;2039.3      ;0.006826    ;2046.28     ;    1;   29.1     Mpc ;                       ;        ;2007ApJ...661..801O
61 ;NGC 1832                           ;G  ;1931.0      ;0.006462    ;1937.26     ;    1;   22.70    Mpc ;  -2.96       +2.96    ;T-F     ;2020ApJ...902..145K
62 ;ESO 305-17                         ;G  ;1071.3      ;0.003580    ;1073.22     ;    1;   19.86    Mpc ;  -3.40       +3.40    ;T-F     ;2020ApJ...902..145K
63 ;NGC 2131                           ;G  ;1668.5      ;0.005581    ;1673.17     ;    1;   26.06    Mpc ;  -4.10       +4.10    ;T-F     ;2020ApJ...902..145K
64 ;ESO 488-49                         ;G  ;1764.6      ;0.005903    ;1769.82     ;    1;   25.70    Mpc ;  -3.47       +3.47    ;T-F     ;2020ApJ...902..145K
65 ;MCG-02-16-002                      ;G  ;2215.2      ;0.007417    ;2223.44     ;    1;   24.10    Mpc ;  -1.52       +1.52    ;T-F     ;2020ApJ...902..145K
66 ;MCG-03-16-018                      ;G  ;2064        ;0.006909    ;2071.15     ;    1;   29.38    Mpc ;  -5.02       +5.02    ;T-F     ;2020ApJ...902..145K
67 ;ESO 425-2                          ;G  ;1384.9      ;0.004630    ;1388.11     ;    1;   29.92    Mpc ;  -4.58       +4.58    ;T-F     ;2020ApJ...902..145K
68 ;UGC 3433                           ;G  ;2336.2      ;0.007823    ;2345.37     ;    1;   25.35    Mpc ;  -1.83       +1.83    ;T-F     ;2020ApJ...902..145K
69 ;MCG-03-17-001                      ;G  ;2837.8      ;0.009511    ;2851.36     ;    1;   31.48    Mpc ;  -4.39       +4.39    ;T-F     ;2020ApJ...902..145K
70 ;UGC 3468                           ;G  ;2470        ;0.008273    ;2480.26     ;    1;   27.04    Mpc ;  -2.31       +2.31    ;T-F     ;2020ApJ...902..145K
71 ;ESO 557-9                          ;G  ;2669.8      ;0.008946    ;2681.79     ;    1;   37.15    Mpc ;  -4.51       +4.51    ;T-F     ;2020ApJ...902..145K
72 ;UGC 3587                           ;G  ;1266        ;0.004232    ;1268.68     ;    1;   20.04    Mpc ;  -2.07       +2.07    ;T-F     ;2020ApJ...902..145K
73 ;ESO 309-5                          ;G  ;1905.2      ;0.006375    ;1911.29     ;    1;   29.24    Mpc ;  -4.47       +4.47    ;T-F     ;2020ApJ...902..145K
74 ;ESO 427-34                         ;G  ;2382.8      ;0.007980    ;2392.35     ;    1;   28.71    Mpc ;                       ;        ;2008ApJ...676..184T
75 ;ESO 366-30                         ;G  ;2754        ;0.009229    ;2766.77     ;    1;   29.51    Mpc ;  -3.59       +3.59    ;T-F     ;2020ApJ...902..145K
76 ;UGC 3691                           ;G  ;2205        ;0.007382    ;2213.17     ;    1;   24.43    Mpc ;  -3.08       +3.08    ;T-F     ;2020ApJ...902..145K
77 ;2MASX J07093459-0525404            ;G  ;1722.3      ;0.005762    ;1727.28     ;    1;   29.79    Mpc ;  -3.48       +3.48    ;T-F     ;2020ApJ...902..145K
78 ;ESO 428-18                         ;G  ;2077        ;0.006952    ;2084.24     ;    1;   25.47    Mpc ;  -5.04       +5.04    ;T-F     ;2020ApJ...902..145K
79 ;ESO 428-25                         ;G  ;2315        ;0.007752    ;2324.01     ;    1;   25.12    Mpc ; -10.63      +10.63    ;T-F     ;2020ApJ...902..145K
80 ;MCG-02-21-001                      ;G  ;2269        ;0.007597    ;2277.65     ;    1;   28.05    Mpc ;  -4.67       +4.67    ;T-F     ;2020ApJ...902..145K
81 ;ESO 561-30                         ;G  ;1625.4      ;0.005437    ;1629.83     ;    1;   28.84    Mpc ;  -3.76       +3.76    ;T-F     ;2020ApJ...902..145K
82 ;ESO 430-26                         ;G  ;1658.0      ;0.005546    ;1662.61     ;    1;   21.28    Mpc ;  -2.68       +2.68    ;T-F     ;2020ApJ...902..145K
83 ;NGC 2592                           ;G  ;1980        ;0.006628    ;1987.02     ;    1;   25.4683  Mpc ;                       ;redshift;2019A&A...631A..38L
84 ;UGC 4444                           ;G  ;2083        ;0.006972    ;2090.29     ;    1;   35.48    Mpc ;  -3.99       +3.99    ;T-F     ;2020ApJ...902..145K
85 ;ESO 562-19                         ;G  ;1774        ;0.005935    ;1779.28     ;    1;   31.48    Mpc ;  -5.10       +5.10    ;T-F     ;2020ApJ...902..145K
86 ;NGC 2644                           ;G  ;1943        ;0.006502    ;1949.34     ;    1;   21.88    Mpc ;  -1.58       +1.58    ;T-F     ;2020ApJ...902..145K
87 ;UGC 4524                           ;G  ;1946        ;0.006513    ;1952.55     ;    1;   27.54    Mpc ;  -2.11       +2.11    ;T-F     ;2020ApJ...902..145K
88 ;ESO 563-12                         ;G  ;1906.5      ;0.006380    ;1912.60     ;    1;   28.71    Mpc ;  -4.91       +4.91    ;T-F     ;2020ApJ...902..145K
89 ;NGC 2717                           ;G  ;2567        ;0.00860     ;2578.0      ;    1;   29.65    Mpc ;                       ;        ;2016AJ....152...50T
90 ;ESO 342-50                         ;G  ;2668.4      ;0.008941    ;2680.38     ;    1;   28.05    Mpc ;                       ;        ;2016AJ....152...50T
91 ;ESO 345-2                          ;G  ;2299.2      ;0.007699    ;2308.08     ;    1;   25.94    Mpc ;  -2.68       +2.68    ;T-F     ;2020ApJ...902..145K
92 ;ESO 292-14                         ;G  ;1492.6      ;0.004991    ;1496.33     ;    1;   27.29    Mpc ;  -2.33       +2.33    ;T-F     ;2020ApJ...902..145K
93 ;ESO 407-9                          ;G  ;1556.1      ;0.005204    ;1560.16     ;    1;   27.54    Mpc ;  -4.46       +4.46    ;T-F     ;2020ApJ...902..145K
94 ;NGC 7545                           ;G  ;2872        ;0.009626    ;2885.89     ;    1;   25.59    Mpc ;  -5.76       +5.76    ;T-F     ;2020ApJ...902..145K
95 ;ESO 347-29                         ;G  ;1572.9      ;0.005260    ;1577.05     ;    1;   26.79    Mpc ;  -3.98       +3.98    ;T-F     ;2020ApJ...902..145K
96 ;6dFGS gJ011554.3-294442            ;G  ;9642        ;0.032697    ;9802.17     ;    1;   28.71    Mpc ; -12.14      +12.14    ;T-F     ;2020ApJ...902..145K
97 ;NGC 7247                           ;G  ;2475        ;0.008290    ;2485.30     ;    1;   34.51    Mpc ;  -5.75       +5.75    ;T-F     ;2020ApJ...902..145K
98 ;ESO 536-11                         ;G  ;3492        ;0.011717    ;3512.58     ;    1;   28.18    Mpc ;  -5.71       +5.71    ;T-F     ;2020ApJ...902..145K
99 ;ESO 536-3                          ;G  ;1690        ;0.005653    ;1694.79     ;    1;   28.05    Mpc ;  -9.97       +9.97    ;T-F     ;2020ApJ...902..145K
100;MCG-03-02-040                      ;G  ;1554.8      ;0.005200    ;1558.85     ;    1;   22.80    Mpc ;  -4.10       +4.10    ;T-F     ;2020ApJ...902..145K
101;ESO 540-16                         ;G  ;1558.6      ;0.005213    ;1562.67     ;    1;   24.77    Mpc ;  -1.90       +1.90    ;T-F     ;2020ApJ...902..145K
102;NGC 336                            ;G  ;2013.0      ;0.006737    ;2019.80     ;    1;   30.76    Mpc ;  -2.91       +2.91    ;T-F     ;2020ApJ...902..145K
103;MCG-02-58-003                      ;G  ;2593.2      ;0.008688    ;2604.51     ;    1;   26.79    Mpc ;  -2.41       +2.41    ;T-F     ;2020ApJ...902..145K
104;UGCA 22                            ;G  ;1860.4      ;0.006225    ;1866.21     ;    1;   24.66    Mpc ;  -2.66       +2.66    ;T-F     ;2020ApJ...902..145K
105;MCG-01-60-016                      ;G  ;2050.9      ;0.006865    ;2057.96     ;    1;   27.80    Mpc ;  -3.38       +3.38    ;T-F     ;2020ApJ...902..145K
106;LEDA 90449                         ;G  ;3739        ;0.012551    ;3762.61     ;    1;   29.38    Mpc ;  -7.27       +7.27    ;T-F     ;2020ApJ...902..145K
107;MCG-01-06-083                      ;G  ;2166        ;0.007251    ;2173.88     ;    1;   27.04    Mpc ;  -5.72       +5.72    ;T-F     ;2020ApJ...902..145K
108;NGC 894                            ;G  ;2290        ;0.007668    ;2298.81     ;    1;   31.19    Mpc ;  -5.19       +5.19    ;T-F     ;2020ApJ...902..145K
109;MCG-01-57-021                      ;G  ;2968        ;0.009950    ;2982.84     ;    1;   34.83    Mpc ;  -4.86       +4.86    ;T-F     ;2020ApJ...902..145K
110;UGC 1839                           ;G  ;1543.9      ;0.005163    ;1547.90     ;    1;   25.23    Mpc ;  -5.34       +5.34    ;T-F     ;2020ApJ...902..145K
111;NGC 1090                           ;G  ;2769.1      ;0.009280    ;2782.01     ;    1;   29.51    Mpc ;  -3.19       +3.19    ;T-F     ;2020ApJ...902..145K
112;UGC 12857                          ;G  ;2473.6      ;0.008285    ;2483.89     ;    1;   28.05    Mpc ;  -1.77       +1.77    ;T-F     ;2020ApJ...902..145K
113;UGC 2216                           ;G  ;2798.1      ;0.009377    ;2811.28     ;    1;   25.47    Mpc ;  -2.75       +2.75    ;T-F     ;2020ApJ...902..145K
114;NGC 7750                           ;G  ;2901        ;0.009724    ;2915.17     ;    1;   27.67    Mpc ;  -2.49       +2.49    ;T-F     ;2020ApJ...902..145K
115;UGC 12010                          ;G  ;2809        ;0.009414    ;2822.28     ;    1;   29.24    Mpc ;  -1.97       +1.97    ;T-F     ;2020ApJ...902..145K
116;UGC 12178                          ;G  ;1928        ;0.006452    ;1934.24     ;    1;   24.32    Mpc ;  -2.30       +2.30    ;T-F     ;2020ApJ...902..145K
117;UGC 12497                          ;G  ;3764        ;0.012635    ;3787.93     ;    1;   28.71    Mpc ;  -2.20       +2.20    ;T-F     ;2020ApJ...902..145K
118;LEDA 72617                         ;G  ;5296        ;0.017824    ;5343.62     ;    1;   29.24    Mpc ; -29.21      +29.21    ;T-F     ;2020ApJ...902..145K
119;LEDA 3091777                       ;G  ;10141       ;0.034419    ;10318.47    ;    1;   28.31    Mpc ; -14.02      +14.02    ;T-F     ;2020ApJ...902..145K
120;UGC 313                            ;G  ;2101        ;0.007033    ;2108.41     ;    1;   16.14    Mpc ;  -3.12       +3.12    ;T-F     ;2020ApJ...902..145K
121;UGC 882                            ;G  ;2330        ;0.007802    ;2339.13     ;    1;   26.92    Mpc ;                       ;        ;2016AJ....152...50T
122;UGC 1803                           ;G  ;1625        ;0.005435    ;1629.43     ;    1;   22.49    Mpc ;  -1.72       +1.72    ;T-F     ;2020ApJ...902..145K
123;UGC 12074                          ;G  ;1990        ;0.006660    ;1996.65     ;    1;   29.65    Mpc ;  -5.74       +5.74    ;T-F     ;2020ApJ...902..145K
124;Z 406-89                           ;G  ;3511        ;0.011781    ;3531.80     ;    1;   36.48    Mpc ; -11.00      +11.00    ;T-F     ;2020ApJ...902..145K
125;Z 432-16                           ;G  ;5005        ;0.016837    ;5047.49     ;    1;   28.97    Mpc ;  -5.87       +5.87    ;T-F     ;2020ApJ...902..145K
126;NGC 7347                           ;G  ;2233        ;0.007476    ;2241.38     ;    1;   34.04    Mpc ;  -2.14       +2.14    ;T-F     ;2020ApJ...902..145K
127;Z 431-31                           ;G  ;4281        ;0.014383    ;4312.01     ;    1;   25.94    Mpc ;  -5.49       +5.49    ;T-F     ;2020ApJ...902..145K
128;UGC 11866                          ;G  ;1703        ;0.005697    ;1707.86     ;    1;   18.37    Mpc ;  -2.56       +2.56    ;T-F     ;2020ApJ...902..145K
129;UGC 1773                           ;G  ;3619        ;0.012145    ;3641.11     ;    1;   26.06    Mpc ;                       ;        ;2016AJ....152...50T
130;UGC 2148                           ;G  ;3553        ;0.011923    ;3574.31     ;    1;   27.42    Mpc ;  -3.08       +3.08    ;T-F     ;2020ApJ...902..145K
131;UGC 12344                          ;G  ;1626        ;0.005439    ;1630.43     ;    1;   18.37    Mpc ;  -1.49       +1.49    ;T-F     ;2020ApJ...902..145K
132;NGC 7497                           ;G  ;1707        ;0.005710    ;1711.89     ;    1;   16.90    Mpc ;  -1.06       +1.06    ;T-F     ;2020ApJ...902..145K
133;UGC 12471                          ;G  ;2062        ;0.006902    ;2069.14     ;    1;   29.11    Mpc ;  -2.36       +2.36    ;T-F     ;2020ApJ...902..145K
134;UGC 12681                          ;G  ;1467        ;0.004905    ;1470.61     ;    1;   26.06    Mpc ;  -3.17       +3.17    ;T-F     ;2020ApJ...902..145K
135;UGC 12843                          ;G  ;1772        ;0.005928    ;1777.27     ;    1;   21.58    Mpc ;  -2.04       +2.04    ;T-F     ;2020ApJ...902..145K
136;UGC 958                            ;G  ;2420        ;0.008105    ;2429.85     ;    1;   28.18    Mpc ;  -2.16       +2.16    ;T-F     ;2020ApJ...902..145K
137;UGC 11916                          ;G  ;1142        ;0.003817    ;1144.18     ;    1;   27.04    Mpc ;  -2.31       +2.31    ;T-F     ;2020ApJ...902..145K
138;UGC 11944                          ;G  ;1734        ;0.005801    ;1739.04     ;    1;   28.18    Mpc ;  -2.28       +2.28    ;T-F     ;2020ApJ...902..145K
139;NGC 7137                           ;G  ;1689        ;0.005650    ;1693.78     ;    1;   26.3     Mpc ;                       ;redshift;2011MNRAS.413..813C
140;UGC 1294                           ;G  ;2860        ;0.009586    ;2873.77     ;    1;   25.94    Mpc ;                       ;        ;2016AJ....152...50T
141;2MASX J22462299+2838466            ;G  ;9948        ;0.033752    ;10118.67    ;    1;   26.92    Mpc ;  -6.90       +6.90    ;T-F     ;2020ApJ...902..145K
142;LEDA 90544                         ;G  ;4125        ;0.013855    ;4153.77     ;    1;   27.67    Mpc ;  -4.61       +4.61    ;T-F     ;2020ApJ...902..145K
143;UGC 1970                           ;G  ;1913        ;0.006402    ;1919.14     ;    1;   28.97    Mpc ;  -1.83       +1.83    ;T-F     ;2020ApJ...902..145K
144;LEDA 1813242                       ;G  ;3511        ;0.011781    ;3531.80     ;    1;   25.59    Mpc ;  -9.79       +9.79    ;T-F     ;2020ApJ...902..145K
145;NGC 865                            ;G  ;2993        ;0.010034    ;3008.09     ;    1;   30.76    Mpc ;  -1.80       +1.80    ;T-F     ;2020ApJ...902..145K
146;UGC 1753                           ;G  ;2992        ;0.010031    ;3007.08     ;    1;   24.55    Mpc ;  -2.54       +2.54    ;T-F     ;2020ApJ...902..145K
147;LEDA 9670                          ;G  ;4739        ;0.0159      ;4777        ;    1;   28.84    Mpc ;  -7.79       +7.79    ;T-F     ;2020ApJ...902..145K
148;UGC 578                            ;G  ;1511        ;0.005053    ;1514.83     ;    1;   25.47    Mpc ;  -3.78       +3.78    ;T-F     ;2020ApJ...902..145K
149;UGC 2166                           ;G  ;3136        ;0.010516    ;3152.58     ;    1;   29.65    Mpc ;  -2.53       +2.53    ;T-F     ;2020ApJ...902..145K
150;UGC 2392                           ;G  ;1548        ;0.005177    ;1552.02     ;    1;   24.21    Mpc ;  -1.96       +1.96    ;T-F     ;2020ApJ...902..145K
151;NGC 2731                           ;G  ;2582        ;0.008650    ;2593.22     ;    1;   19.77    Mpc ;  -2.14       +2.14    ;T-F     ;2020ApJ...902..145K
152;NGC 2855                           ;G  ;1904        ;0.006371    ;1909.98     ;    1;   23.33    Mpc ;                       ;        ;2016AJ....152...50T
153;MCG-02-24-003                      ;G  ;2059        ;0.006892    ;2066.12     ;    1;   28.84    Mpc ;  -8.18       +8.18    ;T-F     ;2020ApJ...902..145K
154;ESO 564-27                         ;G  ;2165.8      ;0.007251    ;2173.68     ;    1;   32.06    Mpc ;  -2.45       +2.45    ;T-F     ;2020ApJ...902..145K
155;ESO 433-15                         ;G  ;1853.6      ;0.006202    ;1859.37     ;    1;   30.90    Mpc ;  -5.56       +5.56    ;T-F     ;2020ApJ...902..145K
156;ESO 372-15                         ;G  ;2414.3      ;0.008086    ;2424.10     ;    1;   28.58    Mpc ;  -5.66       +5.66    ;T-F     ;2020ApJ...902..145K
157;NGC 2859                           ;G  ;1672        ;0.005593    ;1676.69     ;    1;   21.7600  Mpc ;                       ;redshift;2019A&A...631A..38L
158;NGC 2893                           ;G  ;1730        ;0.005787    ;1735.02     ;    1;   24.0     Mpc ;                       ;T-F     ;2011PASP..123.1011A
159;IC 2469                            ;G  ;1666        ;0.005573    ;1670.65     ;    1;   22.59    Mpc ;  -1.32       +1.32    ;T-F     ;2020ApJ...902..145K
160;UGC 5107                           ;G  ;2006        ;0.006714    ;2012.76     ;    1;   30.90    Mpc ;  -2.23       +2.23    ;T-F     ;2020ApJ...902..145K
161;IC 549                             ;G  ;1328        ;0.004440    ;1330.95     ;    1;   28.44    Mpc ;  -3.20       +3.20    ;T-F     ;2020ApJ...902..145K
162;ESO 565-33                         ;G  ;2315        ;0.007752    ;2324.01     ;    1;   29.65    Mpc ;  -9.47       +9.47    ;T-F     ;2020ApJ...902..145K
163;ESO 565-29                         ;G  ;2406.9      ;0.008061    ;2416.64     ;    1;   25.00    Mpc ;  -3.15       +3.15    ;T-F     ;2020ApJ...902..145K
164;NGC 3055                           ;G  ;1821        ;0.006093    ;1826.56     ;    1;   29.38    Mpc ;  -2.91       +2.91    ;T-F     ;2020ApJ...902..145K
165;UGC 5249                           ;G  ;1874        ;0.006271    ;1879.89     ;    1;   24.77    Mpc ;  -1.67       +1.67    ;T-F     ;2020ApJ...902..145K
166;UGC 5242                           ;G  ;1863.7      ;0.006236    ;1869.53     ;    1;   26.55    Mpc ;  -3.23       +3.23    ;T-F     ;2020ApJ...902..145K
167;UGC 5245                           ;G  ;1410.0      ;0.004714    ;1413.33     ;    1;   17.14    Mpc ;  -2.16       +2.16    ;T-F     ;2020ApJ...902..145K
168;ESO 374-8                          ;G  ;1522        ;0.005090    ;1525.88     ;    1;   31.33    Mpc ;  -8.04       +8.04    ;T-F     ;2020ApJ...902..145K
169;LEDA 28991                         ;G  ;1447        ;0.00484     ;1451.0      ;    1;   25.17    Mpc ;  -1.82       +1.82    ;redshift;2015ApJ...809..146B
170;ESO 499-25                         ;G  ;2403        ;0.008048    ;2412.71     ;    1;   30.48    Mpc ;  -5.21       +5.21    ;T-F     ;2020ApJ...902..145K
171;UGC 5464                           ;G  ;1006        ;0.003361    ;1007.69     ;    1;   26.06    Mpc ;  -3.28       +3.28    ;T-F     ;2020ApJ...902..145K
172;UGC 5646                           ;G  ;1368        ;0.004574    ;1371.14     ;    1;   27.42    Mpc ;  -1.73       +1.73    ;T-F     ;2020ApJ...902..145K
173;UGC 5633                           ;G  ;1382        ;0.004621    ;1385.20     ;    1;   30.76    Mpc ;  -3.46       +3.46    ;T-F     ;2020ApJ...902..145K
174;NGC 3294                           ;G  ;1578        ;0.005278    ;1582.17     ;    1;   28.05    Mpc ;  -2.52       +2.52    ;T-F     ;2020ApJ...902..145K
175;UGC 5844                           ;G  ;1470        ;0.004915    ;1473.62     ;    1;   24.10    Mpc ;  -2.06       +2.06    ;T-F     ;2020ApJ...902..145K
176;UGC 5922                           ;G  ;1856        ;0.006211    ;1862.01     ;    1;   26       Mpc ;                       ;        ;2007ApJS..173..185G
177;ESO 569-14                         ;G  ;2055.1      ;0.006879    ;2062.19     ;    1;   26.79    Mpc ;  -2.29       +2.29    ;T-F     ;2020ApJ...902..145K
178;LEDA 33085                         ;G  ;1528        ;0.00511     ;1531.9      ;    1;   26.85    Mpc ;  -1.97       +1.97    ;redshift;2015ApJ...809..146B
179;ESO 438-5                          ;G  ;1496.6      ;0.005005    ;1500.35     ;    1;   17.22    Mpc ;  -3.02       +3.02    ;T-F     ;2020ApJ...902..145K
180;ESO 438-10                         ;G  ;1490        ;0.004983    ;1493.72     ;    1;   20.89    Mpc ;  -2.91       +2.91    ;T-F     ;2020ApJ...902..145K
181;ESO 570-19                         ;G  ;1335.1      ;0.004463    ;1338.09     ;    1;   31.48    Mpc ;  -4.67       +4.67    ;T-F     ;2020ApJ...902..145K
182;Mrk 424                            ;G  ;1933        ;0.006469    ;1939.27     ;    1;   25.35    Mpc ;  -4.91       +4.91    ;T-F     ;2020ApJ...902..145K
183;LEDA 35565                         ;G  ;1123        ;0.003753    ;1125.11     ;    1;   29.24    Mpc ;  -3.16       +3.16    ;T-F     ;2020ApJ...902..145K
184;ESO 503-22                         ;G  ;1875        ;0.006274    ;1880.90     ;    1;   29.51    Mpc ;  -7.44       +7.44    ;T-F     ;2020ApJ...902..145K
185;IC 718                             ;G  ;1984        ;0.006640    ;1990.61     ;    1;   24.77    Mpc ;  -2.68       +2.68    ;T-F     ;2020ApJ...902..145K
186;IC 719                             ;G  ;1810        ;0.006056    ;1815.50     ;    1;   28.07    Mpc ;  -1.79       +1.79    ;redshift;2015ApJ...809..146B
187;NGC 3876                           ;G  ;2892        ;0.009694    ;2906.08     ;    1;   25.82    Mpc ;  -2.91       +2.91    ;T-F     ;2020ApJ...902..145K
188;UGCA 254                           ;G  ;1819.2      ;0.006087    ;1824.75     ;    1;   25.82    Mpc ;  -3.95       +3.95    ;T-F     ;2020ApJ...902..145K
189;ESO 572-24                         ;G  ;1847        ;0.006180    ;1852.72     ;    1;   38.90    Mpc ;  -9.98       +9.98    ;T-F     ;2020ApJ...902..145K
190;ESO 504-25                         ;G  ;1650.1      ;0.005519    ;1654.67     ;    1;   27.93    Mpc ;                       ;        ;2016AJ....152...50T
191;ESO 440-30                         ;G  ;1821        ;0.006093    ;1826.56     ;    1;   27.67    Mpc ; -10.83      +10.83    ;T-F     ;2020ApJ...902..145K
192;ESO 572-49                         ;G  ;1665.8      ;0.005572    ;1670.45     ;    1;   28.44    Mpc ;  -5.12       +5.12    ;T-F     ;2020ApJ...902..145K
193;ESO 505-9                          ;G  ;2140        ;0.007164    ;2147.69     ;    1;   25.70    Mpc ;  -5.55       +5.55    ;T-F     ;2020ApJ...902..145K
194;ESO 441-11                         ;G  ;2144        ;0.007177    ;2151.72     ;    1;   27.29    Mpc ;  -4.79       +4.79    ;T-F     ;2020ApJ...902..145K
195;IC 3041                            ;G  ;1740        ;0.005821    ;1745.08     ;    1;   28.6     Mpc ;                       ;        ;2007AJ....133.2569G
196;IC 3074                            ;G  ;1979        ;0.006623    ;1985.58     ;    1;   32.51    Mpc ;  -2.19       +2.19    ;T-F     ;2020ApJ...902..145K
197;MCG+07-26-011                      ;G  ;408         ;0.001362    ;408.28      ;    1;   25.47    Mpc ;  -8.48       +8.48    ;T-F     ;2020ApJ...902..145K
198;LEDA 41196                         ;G  ;1331        ;0.004450    ;1333.97     ;    1;   26.42    Mpc ;  -5.11       +5.11    ;T-F     ;2020ApJ...902..145K
199;NGC 4462                           ;G  ;1792        ;0.005995    ;1797.39     ;    1;   28.71    Mpc ;  -2.84       +2.84    ;T-F     ;2020ApJ...902..145K
200;ESO 380-21                         ;G  ;2970.5      ;0.009958    ;2985.36     ;    1;   26.18    Mpc ;  -5.18       +5.18    ;T-F     ;2020ApJ...902..145K
201;ESO 380-25                         ;G  ;2794        ;0.009364    ;2807.14     ;    1;   20.23    Mpc ;                       ;        ;2016AJ....152...50T
202;ESO 442-13                         ;G  ;1525.4      ;0.005101    ;1529.30     ;    1;   20.89    Mpc ;  -3.01       +3.01    ;T-F     ;2020ApJ...902..145K
203;MCG-02-33-058                      ;G  ;2471.7      ;0.008279    ;2481.97     ;    1;   28.71    Mpc ;  -2.71       +2.71    ;T-F     ;2020ApJ...902..145K
204;Z 15-50                            ;G  ;2803        ;0.009394    ;2816.23     ;    1;   26.55    Mpc ;  -2.75       +2.75    ;T-F     ;2020ApJ...902..145K
205;ESO 576-3                          ;G  ;2953.5      ;0.009901    ;2968.19     ;    1;   28.31    Mpc ;  -2.04       +2.04    ;T-F     ;2020ApJ...902..145K
206;ESO 508-30                         ;G  ;1511.8      ;0.005056    ;1515.63     ;    1;   25.94    Mpc ;  -8.17       +8.17    ;T-F     ;2020ApJ...902..145K
207;NGC 5101                           ;G  ;1871.0      ;0.006261    ;1876.88     ;    1;   16.22    Mpc ;                       ;        ;2016AJ....152...50T
208;ESO 382-41                         ;G  ;1750.0      ;0.005855    ;1755.14     ;    1;   33.88    Mpc ;  -3.81       +3.81    ;T-F     ;2020ApJ...902..145K
209;ESO 324-44                         ;G  ;2533.1      ;0.008486    ;2543.89     ;    1;   35.81    Mpc ;  -4.19       +4.19    ;T-F     ;2020ApJ...902..145K
210;UGC 9057                           ;G  ;1565.2      ;0.005235    ;1569.31     ;    1;   28.84    Mpc ;                       ;        ;2016AJ....152...50T
211;NGC 5611                           ;G  ;1884        ;0.006304    ;1889.89     ;    1;   25.94    Mpc ;                       ;        ;2016AJ....152...50T
212;UGC 9225                           ;G  ;1253        ;0.004188    ;1255.63     ;    1;   25.94    Mpc ;  -2.68       +2.68    ;T-F     ;2020ApJ...902..145K
213;NGC 5668                           ;G  ;1583        ;0.005294    ;1587.20     ;    1;   26.9000  Mpc ;                       ;redshift;2019A&A...631A..38L
214;ESO 385-33                         ;G  ;3049.4      ;0.010224    ;3065.07     ;    1;   26       Mpc ;  -5          +5       ;T-F     ;2008ApJ...676..184T
215;UGC 9519                           ;G  ;1639        ;0.005482    ;1643.50     ;    1;   27.6     Mpc ;                       ;redshift;2011MNRAS.413..813C
216;Z 76-47                            ;G  ;1825        ;0.006106    ;1830.59     ;    1;   26.28    Mpc ;  -1.61       +1.61    ;redshift;2015ApJ...809..146B
217;NGC 5729                           ;G  ;1823.0      ;0.006099    ;1828.58     ;    1;   20.51    Mpc ;  -1.38       +1.38    ;T-F     ;2020ApJ...902..145K
218;ESO 512-16                         ;G  ;3308.7      ;0.011098    ;3327.16     ;    1;   29.38    Mpc ;  -4.49       +4.49    ;T-F     ;2020ApJ...902..145K
219;Z 48-85                            ;G  ;1673        ;0.005596    ;1677.69     ;    1;   25.13    Mpc ;  -1.64       +1.64    ;redshift;2015ApJ...809..146B
220;ESO 340-9                          ;G  ;2570.8      ;0.008612    ;2581.92     ;    1;   27.42    Mpc ;  -3.82       +3.82    ;T-F     ;2020ApJ...902..145K
221;ESO 400-25                         ;G  ;2175        ;0.007282    ;2182.95     ;    1;   22.08    Mpc ;  -4.27       +4.27    ;T-F     ;2020ApJ...902..145K
222;ESO 514-7                          ;G  ;2283        ;0.007645    ;2291.91     ;    1;   23.55    Mpc ;                       ;        ;2016AJ....152...50T
223;NGC 5810                           ;G  ;3278        ;0.010995    ;3296.12     ;    1;   27.80    Mpc ;  -5.63       +5.63    ;T-F     ;2020ApJ...902..145K
224;ESO 596-19                         ;G  ;3340        ;0.011204    ;3358.81     ;    1;   27.16    Mpc ;  -6.85       +6.85    ;T-F     ;2020ApJ...902..145K
225;2MASX J20172909-1050506            ;G  ;1861.4      ;0.006228    ;1867.21     ;    1;   27.42    Mpc ;                       ;        ;2016AJ....152...50T
226;UGC 10288                          ;G  ;2033.1      ;0.006805    ;2040.04     ;    1;   31.62    Mpc ;  -1.71       +1.71    ;T-F     ;2020ApJ...902..145K
227;UGC 9751                           ;G  ;1550        ;0.005184    ;1554.03     ;    1;   28.31    Mpc ;  -2.42       +2.42    ;T-F     ;2020ApJ...902..145K
228;NGC 6010                           ;G  ;2037        ;0.006818    ;2043.97     ;    1;   21.09    Mpc ;                       ;        ;2016AJ....152...50T
229;IC 1158                            ;G  ;1930.2      ;0.006459    ;1936.45     ;    1;   32.51    Mpc ;  -3.22       +3.22    ;T-F     ;2020ApJ...902..145K
230;NGC 6070                           ;G  ;2003.6      ;0.006706    ;2010.34     ;    1;   29.65    Mpc ;  -2.27       +2.27    ;T-F     ;2020ApJ...902..145K
231;Z 24-1                             ;G  ;1524.6      ;0.005099    ;1528.50     ;    1;   29.51    Mpc ;  -2.52       +2.52    ;T-F     ;2020ApJ...902..145K
232;UGC 10025                          ;G  ;1517        ;0.005073    ;1520.86     ;    1;   27.04    Mpc ;                       ;        ;2016AJ....152...50T
233;UGC 11030                          ;G  ;1754        ;0.005868    ;1759.16     ;    1;   22.49    Mpc ;  -2.23       +2.23    ;T-F     ;2020ApJ...902..145K
234;NGC 5921                           ;G  ;1480        ;0.004949    ;1483.67     ;    1;   23.9     Mpc ;                       ;redshift;2011MNRAS.413..813C
235;UGC 9830                           ;G  ;1830        ;0.006123    ;1835.62     ;    1;   27.80    Mpc ;  -2.13       +2.13    ;T-F     ;2020ApJ...902..145K
236;UGC 10041                          ;G  ;2169        ;0.007261    ;2176.90     ;    1;   25.94    Mpc ;  -2.92       +2.92    ;T-F     ;2020ApJ...902..145K
237;NGC 6017                           ;G  ;1781        ;0.005957    ;1785.86     ;    1;   30.34    Mpc ;                       ;        ;2016AJ....152...50T
238;Z 51-43                            ;G  ;1755        ;0.005871    ;1760.17     ;    1;   25.20    Mpc ;  -1.54       +1.54    ;redshift;2015ApJ...809..146B
239;UGC 10743                          ;G  ;2571        ;0.008613    ;2582.12     ;    1;   21.98    Mpc ;  -2.57       +2.57    ;T-F     ;2020ApJ...902..145K
240;NGC 6384                           ;G  ;1665        ;0.005569    ;1669.65     ;    1;   21.09    Mpc ;  -2.47       +2.47    ;T-F     ;2020ApJ...902..145K
241;UGC 11074                          ;G  ;1896        ;0.006345    ;1902.03     ;    1;   28.97    Mpc ;  -3.65       +3.65    ;T-F     ;2020ApJ...902..145K
242;UGC 11057                          ;G  ;2867        ;0.009609    ;2880.84     ;    1;   27.04    Mpc ;  -2.56       +2.56    ;T-F     ;2020ApJ...902..145K
243;UGC 11059                          ;G  ;2910        ;0.009754    ;2924.26     ;    1;   27.42    Mpc ;  -5.55       +5.55    ;T-F     ;2020ApJ...902..145K
244;UGC 10985                          ;G  ;1796        ;0.006007    ;1801.00     ;    1;   28.3     Mpc ;                       ;redshift;2011MNRAS.413..813C
245;NGC 6012                           ;G  ;1854        ;0.006204    ;1859.77     ;    1;   26.34    Mpc ;  -1.75       +1.75    ;redshift;2015ApJ...809..146B
246;IC 1151                            ;G  ;2167        ;0.007255    ;2174.89     ;    1;   25.00    Mpc ;  -1.69       +1.69    ;T-F     ;2020ApJ...902..145K
247;UGC 11120                          ;G  ;2244        ;0.007513    ;2252.46     ;    1;   28.58    Mpc ;  -6.04       +6.04    ;T-F     ;2020ApJ...902..145K
248;UGC 11000                          ;G  ;1370        ;0.004580    ;1373.14     ;    1;   23.23    Mpc ;  -3.14       +3.14    ;T-F     ;2020ApJ...902..145K
249;UGC 11372                          ;G  ;2957        ;0.009913    ;2971.73     ;    1;   28.58    Mpc ;  -2.70       +2.70    ;T-F     ;2020ApJ...902..145K
250;UGC 11380                          ;G  ;2867        ;0.0096      ;2881        ;    1;   32.21    Mpc ;  -2.75       +2.75    ;T-F     ;2020ApJ...902..145K
251;NGC 6339                           ;G  ;2108        ;0.007056    ;2115.46     ;    1;   28.05    Mpc ;  -4.54       +4.54    ;T-F     ;2020ApJ...902..145K
252;NGC 6585                           ;G  ;2827        ;0.009475    ;2840.46     ;    1;   32.06    Mpc ;  -2.89       +2.89    ;T-F     ;2020ApJ...902..145K
253;ESO 202-35                         ;G  ;1884.2      ;0.006305    ;1890.16     ;    1;   29.38    Mpc ;  -3.30       +3.30    ;T-F     ;2020ApJ...902..145K
254;ESO 122-1                          ;G  ;2627.4      ;0.008803    ;2639.01     ;    1;   25.00    Mpc ;  -2.14       +2.14    ;T-F     ;2020ApJ...902..145K
255;NGC 1853                           ;G  ;1423.2      ;0.004759    ;1426.59     ;    1;   17.95    Mpc ;  -2.58       +2.58    ;T-F     ;2020ApJ...902..145K
256;IC 1914                            ;G  ;1027.6      ;0.003434    ;1029.37     ;    1;   23.23    Mpc ;                       ;        ;2016AJ....152...50T
257;ESO 263-15                         ;G  ;2532.0      ;0.008482    ;2542.78     ;    1;   32.21    Mpc ;  -3.19       +3.19    ;T-F     ;2020ApJ...902..145K
258;ESO 263-31                         ;G  ;2674.6      ;0.008962    ;2686.64     ;    1;   41.50    Mpc ;  -4.67       +4.67    ;T-F     ;2020ApJ...902..145K
259;ESO 213-11                         ;G  ;2737.6      ;0.009174    ;2750.21     ;    1;   23.88    Mpc ;  -2.26       +2.26    ;T-F     ;2020ApJ...902..145K
260;ESO 60-15                          ;G  ;3598.1      ;0.012075    ;3619.95     ;    1;   27.42    Mpc ;                       ;        ;2016AJ....152...50T
261;ESO 35-18                          ;G  ;1770.7      ;0.005924    ;1775.96     ;    1;   27.67    Mpc ;  -2.49       +2.49    ;T-F     ;2020ApJ...902..145K
262;NGC 360                            ;G  ;2309.1      ;0.007732    ;2318.06     ;    1;   32.06    Mpc ;  -3.03       +3.03    ;T-F     ;2020ApJ...902..145K
263;ESO 19-3                           ;G  ;2020.2      ;0.006762    ;2027.05     ;    1;   28.31    Mpc ;  -5.48       +5.48    ;T-F     ;2020ApJ...902..145K
264;IC 2051                            ;G  ;1740.8      ;0.005824    ;1745.88     ;    1;   25.23    Mpc ;  -2.95       +2.95    ;T-F     ;2020ApJ...902..145K
265;NGC 2573                           ;G  ;2452.8      ;0.008215    ;2462.92     ;    1;   29.24    Mpc ;  -5.00       +5.00    ;T-F     ;2020ApJ...902..145K
266;ESO 40-7                           ;G  ;2674.1      ;0.008960    ;2686.13     ;    1;   29.51    Mpc ;  -4.52       +4.52    ;T-F     ;2020ApJ...902..145K
267;NGC 7697                           ;G  ;2013.2      ;0.006738    ;2020.01     ;    1;   27.04    Mpc ;  -2.80       +2.80    ;T-F     ;2020ApJ...902..145K
268;NGC 7689                           ;G  ;1965.4      ;0.006578    ;1971.88     ;    1;   22.18    Mpc ;  -3.19       +3.19    ;T-F     ;2020ApJ...902..145K
269;IC 5176                            ;G  ;1741.8      ;0.005827    ;1746.89     ;    1;   25.59    Mpc ;  -1.96       +1.96    ;T-F     ;2020ApJ...902..145K
270;NGC 5833                           ;G  ;3029.6      ;0.010157    ;3045.06     ;    1;   27.16    Mpc ;  -2.20       +2.20    ;T-F     ;2020ApJ...902..145K
271;NGC 5799                           ;G  ;3075        ;0.010310    ;3090.86     ;    1;   24.66    Mpc ;                       ;        ;2016AJ....152...50T
272;ESO 107-4                          ;G  ;3166        ;0.010617    ;3182.90     ;    1;   24.77    Mpc ;                       ;        ;2016AJ....152...50T
273;IC 5240                            ;G  ;1759.4      ;0.005886    ;1764.59     ;    1;   29.24    Mpc ;  -4.21       +4.21    ;T-F     ;2020ApJ...902..145K
274;NGC 7140                           ;G  ;2968.8      ;0.009952    ;2983.65     ;    1;   23.88    Mpc ;  -2.58       +2.58    ;T-F     ;2020ApJ...902..145K
275;ESO 289-10                         ;G  ;2758.1      ;0.009243    ;2770.90     ;    1;   38.55    Mpc ;  -3.30       +3.30    ;T-F     ;2020ApJ...902..145K
276;IC 4386                            ;G  ;1871.7      ;0.006263    ;1877.58     ;    1;   26.30    Mpc ;                       ;        ;2016AJ....152...50T
277;ESO 140-6                          ;G  ;2374.7      ;0.007953    ;2384.18     ;    1;   25.35    Mpc ;  -3.65       +3.65    ;T-F     ;2020ApJ...902..145K
278;ESO 287-13                         ;G  ;2706.8      ;0.009070    ;2719.13     ;    1;   34.20    Mpc ;  -3.08       +3.08    ;T-F     ;2020ApJ...902..145K
279;ESO 287-43                         ;G  ;2489        ;0.008337    ;2499.42     ;    1;   26.30    Mpc ;  -4.73       +4.73    ;T-F     ;2020ApJ...902..145K
280;ESO 182-10                         ;G  ;3548.8      ;0.011908    ;3570.06     ;    1;   29.38    Mpc ;  -5.02       +5.02    ;T-F     ;2020ApJ...902..145K
281;ESO 285-48                         ;G  ;2726.8      ;0.009137    ;2739.31     ;    1;   32.06    Mpc ;  -2.45       +2.45    ;T-F     ;2020ApJ...902..145K
282;ESO 233-43                         ;G  ;3200.1      ;0.010732    ;3217.36     ;    1;   34.99    Mpc ;  -8.98       +8.98    ;T-F     ;2020ApJ...902..145K
283;ESO 284-24                         ;G  ;3135        ;0.010512    ;3151.56     ;    1;   35.81    Mpc ;  -4.51       +4.51    ;T-F     ;2020ApJ...902..145K
284;ESO 340-42                         ;G  ;2664.0      ;0.008926    ;2675.94     ;    1;   20.99    Mpc ;  -4.72       +4.72    ;T-F     ;2020ApJ...902..145K
285;2dFGRS TGS901Z366                  ;G  ;1950.9      ;0.006529    ;1957.29     ;    1;   25.22    Mpc ;  -1.89       +1.89    ;redshift;2015ApJ...809..146B
286;HIPASS J0342-13                    ;G  ;2069.0      ;0.006925    ;2076.19     ;    1;   29.1     Mpc ;                       ;redshift;2006ApJS..165..307M
287;SDSS J095435.71+042307.9           ;G  ;1774        ;0.005935    ;1779.28     ;    1;   28.26    Mpc ;  -1.89       +1.89    ;redshift;2015ApJ...809..146B
288;MCG+00-30-011                      ;G  ;1609        ;0.005382    ;1613.34     ;    1;   34.36    Mpc ;  -6.96       +6.96    ;T-F     ;2020ApJ...902..145K
289;UGC 7178                           ;G  ;1335        ;0.004463    ;1337.99     ;    1;   25.3000  Mpc ;                       ;redshift;2019A&A...631A..38L
290;MCG-02-15-001                      ;G  ;2719        ;0.009111    ;2731.44     ;    1;   29.38    Mpc ;  -2.25       +2.25    ;T-F     ;2020ApJ...902..145K
291;2MASX J17065000-0524461            ;G  ;9118        ;0.0309      ;9261        ;    1;   29.38    Mpc ;  -4.49       +4.49    ;T-F     ;2020ApJ...902..145K
292;ESO 443-85                         ;G  ;2392        ;0.00801     ;2401.3      ;    1;   25.23    Mpc ;  -4.88       +4.88    ;T-F     ;2020ApJ...902..145K
293;ESO 293-45                         ;G  ;1463.9      ;0.004895    ;1467.49     ;    1;   27.04    Mpc ;  -3.77       +3.77    ;T-F     ;2020ApJ...902..145K
294;ESO 443-79                         ;G  ;2173        ;0.007275    ;2180.93     ;    1;   23.55    Mpc ;  -2.54       +2.54    ;T-F     ;2020ApJ...902..145K
295;ESO 443-80                         ;G  ;2114.9      ;0.007080    ;2122.41     ;    1;   29.38    Mpc ;  -3.57       +3.57    ;T-F     ;2020ApJ...902..145K
296;ESO 508-34                         ;G  ;1906.8      ;0.006381    ;1912.90     ;    1;   25.59    Mpc ;  -2.88       +2.88    ;T-F     ;2020ApJ...902..145K
297;ESO 139-46                         ;G  ;2810.7      ;0.009420    ;2824.00     ;    1;   30.62    Mpc ;  -4.96       +4.96    ;T-F     ;2020ApJ...902..145K
298;ESO 107-16                         ;G  ;1791.9      ;0.005995    ;1797.29     ;    1;   27.29    Mpc ;  -3.19       +3.19    ;T-F     ;2020ApJ...902..145K
299;LEDA 4017882                       ;G  ;1637        ;0.005475    ;1641.49     ;    1;   26.59    Mpc ;                       ;        ;2008AJ....136..713K
300;LEDA 4015889                       ;G  ;1933        ;0.006469    ;1939.27     ;    1;   29.98    Mpc ;                       ;        ;2008AJ....136..713K
301;LEDA 1368352                       ;G  ;1693        ;0.005663    ;1697.81     ;    1;   27.20    Mpc ;                       ;        ;2008AJ....136..713K
302;LEDA 1382354                       ;G  ;1565        ;0.005234    ;1569.11     ;    1;   25.52    Mpc ;  -1.93       +1.93    ;redshift;2015ApJ...809..146B
303;NGC 7115                           ;G  ;3475.7      ;0.011662    ;3496.08     ;    1;   25.47    Mpc ;                       ;        ;2016AJ....152...50T
304;LEDA 1360237                       ;G  ;1759        ;0.005885    ;1764.19     ;    1;   33.88    Mpc ;  -3.81       +3.81    ;T-F     ;2020ApJ...902..145K
305;LEDA 1189545                       ;G  ;1762        ;0.005895    ;1767.21     ;    1;   27.67    Mpc ;  -2.04       +2.04    ;redshift;2015ApJ...809..146B
306;VV 255b                            ;G  ;1776        ;0.005942    ;1781.29     ;    1;   23.99    Mpc ;  -2.16       +2.16    ;T-F     ;2020ApJ...902..145K
307;[KSW2012] 13                       ;G  ;1972        ;0.0066      ;1979        ;    1;   27.5     Mpc ;                       ;redshift;2012AJ....143..145K
308;LEDA 4117578                       ;G  ;1803        ;0.006032    ;1808.45     ;    1;   44.87    Mpc ;  -4.44       +4.44    ;T-F     ;2020ApJ...902..145K
309;LEDA 4013145                       ;G  ;1933        ;0.006469    ;1939.27     ;    1;   27.23    Mpc ;  -1.71       +1.71    ;redshift;2015ApJ...809..146B
310;SDSS J080738.77+105850.3           ;G  ;1788        ;0.005982    ;1793.36     ;    1;   27.67    Mpc ;  -2.14       +2.14    ;redshift;2015ApJ...809..146B
311;SDSS J083633.22+051041.1           ;G  ;1867        ;0.006247    ;1872.85     ;    1;   29.03    Mpc ;  -2.39       +2.39    ;redshift;2015ApJ...809..146B
312;LEDA 1799182                       ;G  ;1981        ;0.006630    ;1987.59     ;    1;   32.36    Mpc ;  -4.37       +4.37    ;T-F     ;2020ApJ...902..145K
313;LEDA 4568096                       ;G  ;1754        ;0.005868    ;1759.16     ;    1;   25.29    Mpc ;  -1.57       +1.57    ;redshift;2015ApJ...809..146B
314;SDSS J095830.89+271632.3           ;G  ;1474        ;0.00493     ;1478.0      ;    1;   26.20    Mpc ;  -1.82       +1.82    ;redshift;2015ApJ...809..146B
315;LEDA 2015703                       ;G  ;1964        ;0.006573    ;1970.48     ;    1;   29.24    Mpc ;  -1.86       +1.86    ;redshift;2015ApJ...809..146B
316;LEDA 2080256                       ;G  ;1853        ;0.00620     ;1858.7      ;    1;   28.35    Mpc ;  -1.75       +1.75    ;redshift;2015ApJ...809..146B
317;LEDA 4016276                       ;G  ;1895        ;0.006341    ;1901.03     ;    1;   28.41    Mpc ;  -1.79       +1.79    ;redshift;2015ApJ...809..146B
318;SDSS J152431.10+125234.4           ;G  ;1918        ;0.00642     ;1924.7      ;    1;   27.81    Mpc ;  -1.86       +1.86    ;redshift;2015ApJ...809..146B
319;SDSS J152556.08+112437.3           ;G  ;1871        ;0.00626     ;1876.7      ;    1;   26.92    Mpc ;  -1.75       +1.75    ;redshift;2015ApJ...809..146B
320;LEDA 1635103                       ;G  ;2002        ;0.00670     ;2008.6      ;    1;   28.40    Mpc ;  -1.97       +1.97    ;redshift;2015ApJ...809..146B
321;SDSS J153249.88+361213.5           ;G  ;1999        ;0.00669     ;2005.6      ;    1;   29.79    Mpc ;  -1.71       +1.71    ;redshift;2015ApJ...809..146B
322;SDSS J153336.75+332133.6           ;G  ;2079        ;0.00696     ;2086.6      ;    1;   29.69    Mpc ;  -1.79       +1.79    ;redshift;2015ApJ...809..146B
323;SDSS J153705.05+244644.2           ;G  ;1609        ;0.00538     ;1612.9      ;    1;   25.56    Mpc ;  -1.68       +1.68    ;redshift;2015ApJ...809..146B
324;SDSS J160938.83+451642.8           ;G  ;2005        ;0.00671     ;2011.6      ;    1;   28.39    Mpc ;  -1.61       +1.61    ;redshift;2015ApJ...809..146B
325;LEDA 1528614                       ;G  ;2003        ;0.006704    ;2009.74     ;    1;   28.44    Mpc ;  -2.43       +2.43    ;T-F     ;2020ApJ...902..145K
326;LEDA 6719321                       ;G  ;3095        ;0.010378    ;3111.14     ;    1;   25.47    Mpc ;  -3.21       +3.21    ;T-F     ;2020ApJ...902..145K
================================================================================

