#;identifier;typ;radvel;redshift;cz;#dist;distance Q unit;err-err+;method;reference
1  ;UGC 11891                          ;G  ;461          ;0.001538    ;461.08       ;    1;   10.80    Mpc ;                       ;T-F     ;2011ApJS..192....6L
2  ;UGC 2014                           ;G  ;565          ;0.001886    ;565.53       ;    1;    9.20    Mpc ;                       ;T-F     ;2011ApJS..192....6L
3  ;UGC 1807                           ;G  ;629          ;0.002100    ;629.66       ;    1;    9.20    Mpc ;                       ;T-F     ;2011ApJS..192....6L
4  ;UGC 2172                           ;G  ;544          ;0.001816    ;544.49       ;    1;    9.30    Mpc ;                       ;redshift;2018MNRAS.479.4136K
5  ;LEDA 168300                        ;G  ;75           ;0.000250    ;75.01        ;    1;    7.24    Mpc ;                       ;redshift;2018MNRAS.479.4136K
6  ;UGC 2890                           ;G  ;1164         ;0.003890    ;1166.27      ;    1;   10.33    Mpc ;  -2.23       +2.23    ;T-F     ;2020ApJ...902..145K
7  ;UGC 11411                          ;G  ;69           ;0.00023     ;69.0         ;    1;    6.58    Mpc ;                       ;redshift;2018MNRAS.479.4136K
8  ;NGC 6689                           ;G  ;489          ;0.001632    ;489.40       ;    1;   12.53    Mpc ;  -1.80       +1.80    ;T-F     ;2020ApJ...902..145K
9  ;UGC 10736                          ;G  ;492          ;0.001642    ;492.40       ;    1;   16.14    Mpc ;  -3.78       +3.78    ;T-F     ;2020ApJ...902..145K
10 ;UGC 9992                           ;G  ;427          ;0.001424    ;426.90       ;    1;    8.60    Mpc ;                       ;T-F     ;2011ApJS..192....6L
11 ;NGC 5832                           ;G  ;447          ;0.001492    ;447.33       ;    1;   12.76    Mpc ;  -1.90       +1.90    ;T-F     ;2020ApJ...902..145K
12 ;NGC 5949                           ;G  ;425          ;0.001419    ;425.30       ;    1;   13.93    Mpc ;  -2.19       +2.19    ;T-F     ;2020ApJ...902..145K
13 ;UGC 7490                           ;G  ;468          ;0.001562    ;468.37       ;    1;    8.40    Mpc ;                       ;T-F     ;2011ApJS..192....6L
14 ;UGC 4998                           ;G  ;627          ;0.002095    ;628.07       ;    1;   10.50    Mpc ;                       ;T-F     ;2011ApJS..192....6L
15 ;NGC 2337                           ;G  ;438          ;0.00146     ;438.0        ;    1;    7.90    Mpc ;                       ;T-F     ;2011ApJS..192....6L
16 ;UGC 3817                           ;G  ;438          ;0.001461    ;438.00       ;    1;    8.60    Mpc ;                       ;T-F     ;2011ApJS..192....6L
17 ;MCG+09-13-052                      ;G  ;445          ;0.001485    ;445.33       ;    1;    9.25    Mpc ;                       ;redshift;2018MNRAS.479.4136K
18 ;MCG+09-13-056                      ;G  ;433          ;0.001445    ;433.31       ;    1;    6.90    Mpc ;                       ;T-F     ;2011ApJS..192....6L
19 ;UGC 7242                           ;G  ;76           ;0.000254    ;76.15        ;    1;    5.42    Mpc ;                       ;T-F     ;2011ApJS..192....6L
20 ;UGC 9405                           ;G  ;222          ;0.000741    ;222.08       ;    1;    8.00    Mpc ;                       ;T-F     ;2011ApJS..192....6L
21 ;NGC 2552                           ;G  ;521          ;0.001739    ;521.45       ;    1;   11.64    Mpc ;  -1.52       +1.52    ;T-F     ;2020ApJ...902..145K
22 ;LEDA 50911                         ;G  ;3280         ;0.0110      ;3298         ;    1;    7.40    Mpc ;                       ;T-F     ;2011ApJS..192....6L
23 ;NGC 5477                           ;G  ;312          ;0.001041    ;312.16       ;    1;    7.70    Mpc ;                       ;T-F     ;2011ApJS..192....6L
24 ;UGC 8837                           ;G  ;140          ;0.000467    ;140.03       ;    1;    8.30    Mpc ;                       ;T-F     ;2011ApJS..192....6L
25 ;MCG+09-16-010                      ;G  ;455          ;0.00152     ;455.7        ;    1;    7.35    Mpc ;                       ;redshift;2018MNRAS.479.4136K
26 ;MCG+09-19-043                      ;G  ;683          ;0.00228     ;683.5        ;    1;    9.90    Mpc ;                       ;redshift;2018MNRAS.479.4136K
27 ;UGC 6251                           ;G  ;926          ;0.003095    ;927.86       ;    1;    9.90    Mpc ;                       ;redshift;2018MNRAS.479.4136K
28 ;UGC 5571                           ;G  ;662          ;0.002211    ;662.73       ;    1;    8.24    Mpc ;                       ;redshift;2018MNRAS.479.4136K
29 ;MCG+08-25-018                      ;G  ;590          ;0.001971    ;590.89       ;    1;    9.30    Mpc ;                       ;T-F     ;2011ApJS..192....6L
30 ;NGC 4707                           ;G  ;468          ;0.001561    ;467.98       ;    1;    7.40    Mpc ;                       ;T-F     ;2011ApJS..192....6L
31 ;UGC 7267                           ;G  ;473          ;0.001579    ;473.37       ;    1;   15.78    Mpc ;  -2.70       +2.70    ;T-F     ;2020ApJ...902..145K
32 ;MCG+09-20-182                      ;G  ;714          ;0.002385    ;715.01       ;    1;    5.35    Mpc ;                       ;redshift;2018MNRAS.479.4136K
33 ;NGC 4068                           ;G  ;208          ;0.000694    ;208.07       ;    1;    4.31    Mpc ;                       ;T-F     ;2011ApJS..192....6L
34 ;[TTV2001] 24                       ;G  ;491          ;0.00164     ;491.7        ;    1;    7.79    Mpc ;                       ;redshift;2018MNRAS.479.4136K
35 ;UGC 5348                           ;G  ;517          ;0.001726    ;517.44       ;    1;    7.08    Mpc ;                       ;redshift;2018MNRAS.479.4136K
36 ;UGC 8331                           ;G  ;261          ;0.000871    ;261.11       ;    1;    8.20    Mpc ;                       ;T-F     ;2011ApJS..192....6L
37 ;UGC 6773                           ;G  ;925          ;0.003090    ;926.43       ;    1;    9.86    Mpc ;                       ;        ;2016AJ....152...50T
38 ;MCG+08-25-028                      ;G  ;489          ;0.00163     ;489.0        ;    1;    8.40    Mpc ;                       ;redshift;2018MNRAS.479.4136K
39 ;LEDA 166129                        ;G  ;784          ;0.00262     ;785.5        ;    1;    7.66    Mpc ;                       ;redshift;2018MNRAS.479.4136K
40 ;Mrk 1069                           ;G  ;1552.0       ;0.005190    ;1556.04      ;    1;   11.53    Mpc ;  -2.44       +2.44    ;T-F     ;2020ApJ...902..145K
41 ;UGC 2684                           ;G  ;350          ;0.001168    ;350.20       ;    1;    6.50    Mpc ;                       ;T-F     ;2011ApJS..192....6L
42 ;ESO 483-13                         ;G  ;898.0        ;0.003000    ;899.35       ;    1;   10.40    Mpc ;                       ;T-F     ;2011ApJS..192....6L
43 ;ESO 486-21                         ;G  ;831.1        ;0.002776    ;832.26       ;    1;    8.90    Mpc ;                       ;T-F     ;2011ApJS..192....6L
44 ;NGC 1800                           ;G  ;814.2        ;0.002720    ;815.31       ;    1;    8.20    Mpc ;                       ;T-F     ;2011ApJS..192....6L
45 ;ESO 362-9                          ;G  ;927.1        ;0.003097    ;928.54       ;    1;    9.80    Mpc ;                       ;T-F     ;2011ApJS..192....6L
46 ;Anon 0554+07                       ;G  ;428          ;0.001429    ;428.31       ;    1;    5.50    Mpc ;                       ;redshift;2018MNRAS.479.4136K
47 ;2MASX J05512589-1014438            ;G  ;862          ;0.00288     ;863.0        ;    1;    7.91    Mpc ;  -1.07       +1.07    ;T-F     ;2020ApJ...902..145K
48 ;ESO 364-29                         ;G  ;786.8        ;0.002628    ;787.84       ;    1;    7.40    Mpc ;                       ;T-F     ;2011ApJS..192....6L
49 ;ESO 556-2                          ;G  ;862.0        ;0.002879    ;863.24       ;    1;    8.70    Mpc ;                       ;T-F     ;2011ApJS..192....6L
50 ;UGC 3475                           ;G  ;486          ;0.001622    ;486.39       ;    1;   22.91    Mpc ;  -2.68       +2.68    ;T-F     ;2020ApJ...902..145K
51 ;UGC 3476                           ;G  ;469          ;0.001566    ;469.37       ;    1;    7.01    Mpc ;                       ;redshift;2018MNRAS.479.4136K
52 ;HIZOA J0630+08                     ;G  ;357.0        ;0.001192    ;357.21       ;    1;    5.13    Mpc ;                       ;redshift;2018MNRAS.479.4136K
53 ;ESO 489-56                         ;G  ;491.5        ;0.001641    ;491.90       ;    1;    6.31    Mpc ;                       ;redshift;2018MNRAS.479.4136K
54 ;IC 2171                            ;G  ;788.8        ;0.002635    ;789.84       ;    1;    9.04    Mpc ;  -2.07       +2.07    ;T-F     ;2020ApJ...902..145K
55 ;ESO 490-17                         ;G  ;499.2        ;0.001667    ;499.62       ;    1;    6.34    Mpc ;                       ;redshift;2018MNRAS.479.4136K
56 ;ESO 308-22                         ;G  ;817.2        ;0.002730    ;818.32       ;    1;    9.38    Mpc ;                       ;redshift;2018MNRAS.479.4136K
57 ;NGC 2283                           ;G  ;840.6        ;0.002808    ;841.78       ;    1;   10.00    Mpc ;                       ;redshift;2018MNRAS.479.4136K
58 ;UGC 3755                           ;G  ;322          ;0.001074    ;321.98       ;    1;    7.69    Mpc ;                       ;redshift;2018MNRAS.479.4136K
59 ;UGC 3860                           ;G  ;348          ;0.001163    ;348.66       ;    1;    7.81    Mpc ;                       ;T-F     ;2011ApJS..192....6L
60 ;UGC 3966                           ;G  ;360          ;0.001201    ;360.05       ;    1;    6.80    Mpc ;                       ;T-F     ;2011ApJS..192....6L
61 ;UGC 3974                           ;G  ;271          ;0.000904    ;271.12       ;    1;    8.04    Mpc ;                       ;T-F     ;2011ApJS..192....6L
62 ;Z 87-33                            ;G  ;278          ;0.000928    ;278.13       ;    1;    7.98    Mpc ;                       ;        ;2016AJ....152...50T
63 ;[KK98a] 073940.2+164047            ;G  ;554          ;0.001850    ;554.51       ;    1;    7.98    Mpc ;                       ;redshift;2018MNRAS.479.4136K
64 ;UGC 4115                           ;G  ;341          ;0.001138    ;341.19       ;    1;    7.72    Mpc ;                       ;T-F     ;2011ApJS..192....6L
65 ;LEDA 86398                         ;G  ;647          ;0.002160    ;647.70       ;    1;    8.27    Mpc ;                       ;redshift;2018MNRAS.479.4136K
66 ;LEDA 81181                         ;G  ;837.1        ;0.002796    ;838.27       ;    1;    7.40    Mpc ;                       ;redshift;2018MNRAS.479.4136K
67 ;LEDA 166095                        ;G  ;463          ;0.001546    ;463.36       ;    1;    9.16    Mpc ;                       ;redshift;2018MNRAS.479.4136K
68 ;MCG-03-23-009                      ;G  ;5583         ;0.018800    ;5635.97      ;    1;    6.67    Mpc ;  -1.47       +1.47    ;T-F     ;2020ApJ...902..145K
69 ;ESO 496-10                         ;G  ;813.5        ;0.002717    ;814.61       ;    1;    8.59    Mpc ;                       ;redshift;2018MNRAS.479.4136K
70 ;LEDA 166061                        ;G  ;644          ;0.002151    ;644.85       ;    1;    8.20    Mpc ;                       ;redshift;2018MNRAS.479.4136K
71 ;ESO 348-9                          ;G  ;647.2        ;0.002161    ;647.90       ;    1;    8.60    Mpc ;                       ;T-F     ;2011ApJS..192....6L
72 ;IC 1558                            ;G  ;1552.0       ;0.005190    ;1556.04      ;    1;    9.0     Mpc ;                       ;T-F     ;2014MNRAS.444..527S
73 ;MCG-04-02-003                      ;G  ;669.9        ;0.002237    ;670.65       ;    1;    9.80    Mpc ;                       ;T-F     ;2011ApJS..192....6L
74 ;ESO 473-24                         ;G  ;529.5        ;0.001768    ;529.97       ;    1;    8.00    Mpc ;                       ;T-F     ;2011ApJS..192....6L
75 ;IC 1574                            ;G  ;360.7        ;0.001204    ;360.92       ;    1;    4.92    Mpc ;                       ;T-F     ;2011ApJS..192....6L
76 ;M 74                               ;G  ;657          ;0.002194    ;657.72       ;    1;    7.30    Mpc ;                       ;T-F     ;2011ApJS..192....6L
77 ;LEDA 6354                          ;G  ;789          ;0.002635    ;790.04       ;    1;    7.87    Mpc ;                       ;redshift;2018MNRAS.479.4136K
78 ;UGC 1104                           ;G  ;699          ;0.002334    ;699.82       ;    1;    7.50    Mpc ;                       ;T-F     ;2011ApJS..192....6L
79 ;UGC 1561                           ;G  ;606          ;0.002023    ;606.61       ;    1;   10.50    Mpc ;                       ;T-F     ;2011ApJS..192....6L
80 ;UGC 12713                          ;G  ;295          ;0.000984    ;295.15       ;    1;    7.70    Mpc ;                       ;T-F     ;2011ApJS..192....6L
81 ;LEDA 138451                        ;G  ;357          ;0.001192    ;357.21       ;    1;    7.83    Mpc ;                       ;redshift;2018MNRAS.479.4136K
82 ;LEDA 166062                        ;G  ;423          ;0.001412    ;423.30       ;    1;    7.05    Mpc ;                       ;redshift;2018MNRAS.479.4136K
83 ;LEDA 166063                        ;G  ;367          ;0.001225    ;367.22       ;    1;    8.67    Mpc ;                       ;redshift;2018MNRAS.479.4136K
84 ;AGC 123352                         ;G  ;468          ;0.001563    ;468.600      ;    1;    8.27    Mpc ;                       ;redshift;2018MNRAS.479.4136K
85 ;NGC 7292                           ;G  ;897          ;0.002996    ;898.2382     ;    1;   13.70    Mpc ;                       ;redshift;2019ApJ...880....7C
86 ;LEDA 166064                        ;G  ;207          ;0.000691    ;207.07       ;    1;    5.62    Mpc ;                       ;redshift;2018MNRAS.479.4136K
87 ;LEDA 166065                        ;G  ;163          ;0.000544    ;163.04       ;    1;    5.01    Mpc ;                       ;redshift;2018MNRAS.479.4136K
88 ;LEDA 86806                         ;G  ;472          ;0.001576    ;472.37       ;    1;    8.56    Mpc ;                       ;redshift;2018MNRAS.479.4136K
89 ;UGC 12894                          ;G  ;332          ;0.001107    ;331.87       ;    1;    8.20    Mpc ;                       ;T-F     ;2011ApJS..192....6L
90 ;UGC 64                             ;G  ;272          ;0.000907    ;271.91       ;    1;    9.60    Mpc ;                       ;redshift;2018MNRAS.479.4136K
91 ;NAME Andromeda IV                  ;G  ;230          ;0.000767    ;230.09       ;    1;    6.11    Mpc ;                       ;T-F     ;2011ApJS..192....6L
92 ;UGC 1865                           ;G  ;575          ;0.001920    ;575.55       ;    1;    9.20    Mpc ;                       ;T-F     ;2011ApJS..192....6L
93 ;NGC 7250                           ;G  ;1168         ;0.0039      ;1170         ;    1;   10.81    Mpc ;  -1.51       +1.51    ;T-F     ;2020ApJ...902..145K
94 ;UGC 288                            ;G  ;187          ;0.000624    ;187.06       ;    1;    6.82    Mpc ;                       ;redshift;2018MNRAS.479.4136K
95 ;UGC 4787                           ;G  ;552          ;0.001843    ;552.51       ;    1;   15.00    Mpc ;  -1.75       +1.75    ;T-F     ;2020ApJ...902..145K
96 ;LEDA 2806961                       ;G  ;335          ;0.001118    ;335.19       ;    1;    9.46    Mpc ;                       ;T-F     ;2011ApJS..192....6L
97 ;ESO 497-17                         ;G  ;724          ;0.002418    ;724.88       ;    1;    9.80    Mpc ;                       ;T-F     ;2011ApJS..192....6L
98 ;ESO 497-4                          ;G  ;805.9        ;0.002692    ;806.99       ;    1;    9.1     Mpc ;                       ;        ;2011AJ....142...83N
99 ;ESDO 565-06                        ;G  ;497          ;0.001659    ;497.41       ;    1;    9.08    Mpc ;                       ;T-F     ;2011ApJS..192....6L
100;ESO 564-30                         ;G  ;766.4        ;0.002560    ;767.38       ;    1;    6.50    Mpc ;                       ;T-F     ;2011ApJS..192....6L
101;ESO 565-1                          ;G  ;846.0        ;0.002826    ;847.20       ;    1;    7.50    Mpc ;                       ;T-F     ;2011ApJS..192....6L
102;NGC 2784                           ;G  ;703          ;0.002348    ;703.91       ;    1;    9.80    Mpc ;                       ;T-F     ;2011ApJS..192....6L
103;ESO 565-3                          ;G  ;829          ;0.002769    ;830.15       ;    1;    7.52    Mpc ;                       ;redshift;2018MNRAS.479.4136K
104;ESO 373-7                          ;G  ;569          ;0.001900    ;569.54       ;    1;    8.30    Mpc ;                       ;redshift;2018MNRAS.479.4136K
105;UGC 5186                           ;G  ;549          ;0.001833    ;549.50       ;    1;    8.30    Mpc ;                       ;redshift;2018MNRAS.479.4136K
106;IC 559                             ;G  ;541          ;0.001806    ;541.49       ;    1;    4.90    Mpc ;                       ;T-F     ;2011ApJS..192....6L
107;Z 35-7                             ;G  ;548          ;0.001830    ;548.50       ;    1;    5.20    Mpc ;                       ;T-F     ;2011ApJS..192....6L
108;UGC 5272                           ;G  ;520          ;0.001736    ;520.45       ;    1;    7.10    Mpc ;                       ;T-F     ;2011ApJS..192....6L
109;UGC 5272 B                         ;G  ;536          ;0.00179     ;536.6        ;    1;    7.10    Mpc ;                       ;T-F     ;2011ApJS..192....6L
110;LEDA 1034827                       ;G  ;791          ;0.002642    ;792.05       ;    1;    9.70    Mpc ;                       ;redshift;2018MNRAS.479.4136K
111;MCG+07-21-010                      ;G  ;587          ;0.00196     ;587.6        ;    1;    7.80    Mpc ;                       ;T-F     ;2011ApJS..192....6L
112;UGC 5340                           ;G  ;507          ;0.001693    ;507.43       ;    1;    5.90    Mpc ;                       ;T-F     ;2011ApJS..192....6L
113;UGC 5427                           ;G  ;494          ;0.001649    ;494.41       ;    1;    7.10    Mpc ;                       ;T-F     ;2011ApJS..192....6L
114;UGC 5453                           ;G  ;839          ;0.002803    ;840.18       ;    1;    9.30    Mpc ;                       ;T-F     ;2011ApJS..192....6L
115;6dFGS gJ095708.9-091548            ;G  ;542          ;0.00181     ;542.0        ;    1;    9.70    Mpc ;                       ;redshift;2018MNRAS.479.4136K
116;MCG-01-26-011                      ;G  ;447          ;0.001492    ;447.33       ;    1;    9.70    Mpc ;                       ;redshift;2018MNRAS.479.4136K
117;ESO 499-37                         ;G  ;953.0        ;0.003184    ;954.52       ;    1;   17.14    Mpc ;  -2.47       +2.47    ;T-F     ;2020ApJ...902..145K
118;SDSS J101726.51+292210.5           ;G  ;450          ;0.001502    ;450.34       ;    1;    5.21    Mpc ;                       ;redshift;2018MNRAS.479.4136K
119;LEDA 3097700                       ;G  ;623.3        ;0.002081    ;623.95       ;    1;    6.21    Mpc ;                       ;redshift;2018MNRAS.479.4136K
120;LEDA 86985                         ;G  ;611          ;0.00204     ;611.6        ;    1;    8.10    Mpc ;                       ;redshift;2018MNRAS.479.4136K
121;UGC 5983                           ;G  ;766          ;0.00256     ;767.5        ;    1;    9.20    Mpc ;                       ;redshift;2018MNRAS.479.4136K
122;NAME Spider                        ;G  ;630          ;0.002104    ;630.66       ;    1;    7.90    Mpc ;                       ;T-F     ;2011ApJS..192....6L
123;Mrk 1265                           ;G  ;632          ;0.002110    ;632.67       ;    1;    7.32    Mpc ;                       ;redshift;2018MNRAS.479.4136K
124;ESO 376-22                         ;G  ;968.9        ;0.003237    ;970.47       ;    1;   15.92    Mpc ;  -3.51       +3.51    ;T-F     ;2020ApJ...902..145K
125;ESO 376-16                         ;G  ;670.4        ;0.002239    ;671.15       ;    1;    6.92    Mpc ;                       ;redshift;2018MNRAS.479.4136K
126;ESO 318-13                         ;G  ;718.0        ;0.002398    ;718.86       ;    1;    6.92    Mpc ;                       ;redshift;2018MNRAS.479.4136K
127;LEDA 4095638                       ;G  ;567          ;0.001893    ;567.54       ;    1;    9.20    Mpc ;                       ;redshift;2018MNRAS.479.4136K
128;UGC 6102                           ;G  ;697          ;0.002328    ;697.81       ;    1;    8.50    Mpc ;                       ;T-F     ;2011ApJS..192....6L
129;ESO 377-3                          ;G  ;998.4        ;0.003336    ;1000.07      ;    1;    9.20    Mpc ;                       ;T-F     ;2011ApJS..192....6L
130;ESO 320-14                         ;G  ;654.2        ;0.002185    ;654.92       ;    1;    6.00    Mpc ;                       ;redshift;2018MNRAS.479.4136K
131;UGC 6900                           ;G  ;587          ;0.001960    ;587.58       ;    1;   17.06    Mpc ;  -2.30       +2.30    ;T-F     ;2020ApJ...902..145K
132;ESO 379-7                          ;G  ;639.6        ;0.002136    ;640.28       ;    1;    5.45    Mpc ;                       ;redshift;2018MNRAS.479.4136K
133;LEDA 39873                         ;G  ;605          ;0.00202     ;606.0        ;    1;    8.03    Mpc ;                       ;redshift;2018MNRAS.479.4136K
134;UGC 7427                           ;G  ;725          ;0.002421    ;725.88       ;    1;    9.70    Mpc ;                       ;redshift;2018MNRAS.479.4136K
135;UGC 7257                           ;G  ;938          ;0.003134    ;939.47       ;    1;    8.80    Mpc ;                       ;redshift;2018MNRAS.479.4136K
136;UGC 7332                           ;G  ;932.4        ;0.003115    ;933.85       ;    1;    8.9     Mpc ;                       ;        ;2007ApJ...661..801O
137;MCG-03-32-003                      ;G  ;900          ;0.003007    ;901.35       ;    1;    9.00    Mpc ;                       ;T-F     ;2011ApJS..192....6L
138;MCG+07-26-012                      ;G  ;440          ;0.001469    ;440.32       ;    1;    6.40    Mpc ;                       ;T-F     ;2011ApJS..192....6L
139;MCG+07-26-011                      ;G  ;408          ;0.001362    ;408.28       ;    1;   25.47    Mpc ;  -8.48       +8.48    ;T-F     ;2020ApJ...902..145K
140;LEDA 2832113                       ;G  ;629          ;0.00210     ;629.6        ;    1;    8.99    Mpc ;                       ;redshift;2018MNRAS.479.4136K
141;LEDA 166135                        ;G  ;571          ;0.001906    ;571.54       ;    1;    7.78    Mpc ;                       ;redshift;2018MNRAS.479.4136K
142;MCG+06-28-009                      ;G  ;837          ;0.002796    ;838.17       ;    1;    6.90    Mpc ;                       ;redshift;2018MNRAS.479.4136K
143;MCG+06-28-007                      ;G  ;810          ;0.002706    ;811.10       ;    1;    6.73    Mpc ;                       ;redshift;2018MNRAS.479.4136K
144;IC 3341                            ;G  ;372          ;0.001242    ;372.23       ;    1;    9.51    Mpc ;                       ;T-RDB   ;2017AJ....153....6K
145;SDSS J123056.01+263040.2           ;G  ;927          ;0.003097    ;928.44       ;    1;    7.55    Mpc ;                       ;redshift;2018MNRAS.479.4136K
146;MCG+07-26-024                      ;G  ;647          ;0.00216     ;647.6        ;    1;    8.24    Mpc ;                       ;redshift;2018MNRAS.479.4136K
147;SDSS J124324.90+322854.2           ;G  ;665          ;0.00222     ;665.5        ;    1;    7.30    Mpc ;                       ;redshift;2018MNRAS.479.4136K
148;LEDA 42422                         ;G  ;1008         ;0.003368    ;1009.70      ;    1;    8.10    Mpc ;                       ;redshift;2018MNRAS.479.4136K
149;LEDA 3097708                       ;G  ;1105         ;0.003693    ;1107.04      ;    1;    9.10    Mpc ;                       ;redshift;2018MNRAS.479.4136K
150;ESO 381-18                         ;G  ;624.5        ;0.002085    ;625.15       ;    1;    5.45    Mpc ;                       ;redshift;2018MNRAS.479.4136K
151;[KK98a] 124917.8+262256            ;G  ;1243         ;0.004156    ;1246.00      ;    1;    9.20    Mpc ;                       ;redshift;2018MNRAS.479.4136K
152;UGC 7983                           ;G  ;694          ;0.002318    ;694.81       ;    1;    9.40    Mpc ;                       ;redshift;2018MNRAS.479.4136K
153;ESO 443-9                          ;G  ;645          ;0.002154    ;645.70       ;    1;    5.97    Mpc ;                       ;redshift;2018MNRAS.479.4136K
154;ESO 381-20                         ;G  ;587.4        ;0.001961    ;587.98       ;    1;    5.44    Mpc ;                       ;T-F     ;2011ApJS..192....6L
155;LEDA 44681                         ;G  ;825.9        ;0.002759    ;827.04       ;    1;    8.5     Mpc ;                       ;        ;2011AJ....142...83N
156;LEDA 166152                        ;G  ;619.7        ;0.002069    ;620.34       ;    1;    5.94    Mpc ;                       ;redshift;2018MNRAS.479.4136K
157;UGCA 342                           ;G  ;388          ;0.001294    ;387.93       ;    1;    8.2     Mpc ;                       ;        ;2007ApJS..173..185G
158;LEDA 166159                        ;G  ;368          ;0.001228    ;368.23       ;    1;    8.28    Mpc ;                       ;redshift;2018MNRAS.479.4136K
159;MCG+06-29-075                      ;G  ;294          ;0.00098     ;293.8        ;    1;    5.04    Mpc ;                       ;redshift;2018MNRAS.479.4136K
160;LEDA 1700671                       ;G  ;925          ;0.003090    ;926.43       ;    1;    8.20    Mpc ;                       ;redshift;2018MNRAS.479.4136K
161;NGC 5068                           ;G  ;668.5        ;0.002232    ;669.25       ;    1;    6.20    Mpc ;                       ;T-F     ;2011ApJS..192....6L
162;2MASX J13292099-2110452            ;G  ;650          ;0.002171    ;650.71       ;    1;    4.90    Mpc ;                       ;redshift;2018MNRAS.479.4136K
163;LEDA 166163                        ;G  ;567.4        ;0.001894    ;567.94       ;    1;    5.22    Mpc ;                       ;redshift;2018MNRAS.479.4136K
164;LEDA 725719                        ;G  ;4259         ;0.01431     ;4290.0       ;    1;    5.85    Mpc ;                       ;redshift;2018MNRAS.479.4136K
165;LEDA 1726175                       ;G  ;360          ;0.001202    ;360.22       ;    1;    6.80    Mpc ;                       ;redshift;2018MNRAS.479.4136K
166;UGC 8507                           ;G  ;997          ;0.003331    ;998.66       ;    1;    7.7     Mpc ;                       ;        ;2005A&A...436..443V
167;LEDA 592761                        ;G  ;492.0        ;0.001642    ;492.40       ;    1;    5.08    Mpc ;                       ;redshift;2018MNRAS.479.4136K
168;UGC 8683                           ;G  ;653          ;0.00218     ;653.5        ;    1;    9.60    Mpc ;                       ;T-F     ;2011ApJS..192....6L
169;LEDA 4614882                       ;G  ;582.4        ;0.001945    ;582.97       ;    1;    5.65    Mpc ;                       ;redshift;2018MNRAS.479.4136K
170;NGC 5338                           ;G  ;824          ;0.002752    ;825.14       ;    1;   12.7057  Mpc ;                       ;redshift;2019A&A...631A..38L
171;UGC 9540                           ;G  ;802          ;0.002679    ;803.08       ;    1;    9.30    Mpc ;                       ;redshift;2018MNRAS.479.4136K
172;ESO 461-36                         ;G  ;428.2        ;0.001429    ;428.51       ;    1;    6.85    Mpc ;                       ;redshift;2018MNRAS.479.4136K
173;NGC 6835                           ;G  ;1619.2       ;0.005416    ;1623.60      ;    1;    6.22    Mpc ;  -0.64       +0.64    ;T-F     ;2020ApJ...902..145K
174;2MASX J19411657+0152227            ;G  ;5893         ;0.019854    ;5952.07      ;    1;    8.6     Mpc ;                       ;T-F     ;2014MNRAS.444..527S
175;ESO 300-16                         ;G  ;710.5        ;0.002373    ;711.34       ;    1;    7.80    Mpc ;                       ;T-F     ;2011ApJS..192....6L
176;6dFGS gJ033556.8-451129            ;G  ;680          ;0.002272    ;681.13       ;    1;    7.28    Mpc ;                       ;redshift;2018MNRAS.479.4136K
177;ESO 162-17                         ;G  ;1098.1       ;0.003670    ;1100.12      ;    1;    9.82    Mpc ;  -1.63       +1.63    ;T-F     ;2020ApJ...902..145K
178;ESO 121-20                         ;G  ;577.7        ;0.001929    ;578.26       ;    1;    6.08    Mpc ;                       ;redshift;2018MNRAS.479.4136K
179;LEDA 385975                        ;G  ;554          ;0.001850    ;554.51       ;    1;    6.00    Mpc ;                       ;redshift;2018MNRAS.479.4136K
180;ESO 199-7                          ;G  ;629.9        ;0.002103    ;630.56       ;    1;    6.03    Mpc ;                       ;redshift;2018MNRAS.479.4136K
181;NAME Argo Dwarf Irregular          ;G  ;565.0        ;0.001886    ;565.53       ;    1;    4.90    Mpc ;                       ;T-F     ;2011ApJS..192....6L
182;NGC 1311                           ;G  ;571.0        ;0.001906    ;571.54       ;    1;    5.45    Mpc ;                       ;T-F     ;2011ApJS..192....6L
183;LEDA 2791980                       ;G  ;878          ;0.002933    ;879.29       ;    1;    9.35    Mpc ;                       ;redshift;2018MNRAS.479.4136K
184;ESO 119-16                         ;G  ;983.0        ;0.003284    ;984.62       ;    1;    9.80    Mpc ;                       ;T-F     ;2011ApJS..192....6L
185;ESO 154-23                         ;G  ;572.8        ;0.001912    ;573.35       ;    1;    5.76    Mpc ;                       ;T-F     ;2011ApJS..192....6L
186;ESO 115-21                         ;G  ;514.8        ;0.001719    ;515.24       ;    1;    4.99    Mpc ;                       ;T-F     ;2011ApJS..192....6L
187;ESO 215-9                          ;G  ;597.6        ;0.001995    ;598.20       ;    1;    5.47    Mpc ;                       ;redshift;2018MNRAS.479.4136K
188;IC 2596                            ;G  ;3380         ;0.011339    ;3399.27      ;    1;    7.7     Mpc ;                       ;T-F     ;2014MNRAS.444..527S
189;ESO 6-1                            ;G  ;738          ;0.002465    ;738.91       ;    1;    6.70    Mpc ;                       ;redshift;2018MNRAS.479.4136K
190;ESO 149-3                          ;G  ;573.5        ;0.001915    ;574.05       ;    1;    6.40    Mpc ;                       ;T-F     ;2011ApJS..192....6L
191;IC 5052                            ;G  ;588.3        ;0.001964    ;588.88       ;    1;    5.83    Mpc ;  -0.50       +0.50    ;T-F     ;2020ApJ...902..145K
192;NAME Fourcade-Figueroa             ;G  ;827.4        ;0.002764    ;828.54       ;    1;    3.58    Mpc ;  -0.29       +0.29    ;T-F     ;2020ApJ...902..145K
193;ESO 238-5                          ;G  ;706.7        ;0.002360    ;707.53       ;    1;    8.90    Mpc ;                       ;T-F     ;2011ApJS..192....6L
194;IC 5201                            ;G  ;914.9        ;0.003056    ;916.30       ;    1;    8.43    Mpc ;  -1.29       +1.29    ;T-F     ;2020ApJ...902..145K
195;LEDA 3097113                       ;G  ;528.8        ;0.001765    ;529.27       ;    1;    5.73    Mpc ;                       ;redshift;2018MNRAS.479.4136K
196;IC 4710                            ;G  ;738.8        ;0.002467    ;739.71       ;    1;    7.70    Mpc ;                       ;T-F     ;2011ApJS..192....6L
197;IC 4951                            ;G  ;814.2        ;0.002720    ;815.31       ;    1;    9.30    Mpc ;                       ;T-F     ;2011ApJS..192....6L
198;NGC 7090                           ;G  ;850.0        ;0.002839    ;851.21       ;    1;    6.19    Mpc ;  -0.78       +0.78    ;T-F     ;2020ApJ...902..145K
199;NGC 7064                           ;G  ;859.8        ;0.002872    ;861.04       ;    1;   10.81    Mpc ;  -1.75       +1.75    ;T-F     ;2020ApJ...902..145K
200;IC 4824                            ;G  ;948.0        ;0.003167    ;949.50       ;    1;    7.01    Mpc ;                       ;        ;2016AJ....152...50T
201;ESO 222-10                         ;G  ;620.0        ;0.002070    ;620.64       ;    1;    5.40    Mpc ;                       ;T-F     ;2011ApJS..192....6L
202;ESO 272-25                         ;G  ;631.1        ;0.002107    ;631.77       ;    1;    5.60    Mpc ;                       ;T-F     ;2011ApJS..192....6L
203;ESO 223-9                          ;G  ;586.9        ;0.001960    ;587.48       ;    1;    6.49    Mpc ;                       ;T-F     ;2011ApJS..192....6L
204;ESO 223-6                          ;G  ;1050.0       ;0.003509    ;1051.85      ;    1;    9.90    Mpc ;                       ;redshift;2018MNRAS.479.4136K
205;LEDA 3097114                       ;G  ;406          ;0.001355    ;406.28       ;    1;    9.88    Mpc ;                       ;redshift;2018MNRAS.479.4136K
206;HIPASS J0705-20                    ;G  ;765.1        ;0.002555    ;766.08       ;    1;    7.23    Mpc ;                       ;redshift;2018MNRAS.479.4136K
207;HIPASS J1526-51                    ;G  ;605.9        ;0.002023    ;606.51       ;    1;    6.28    Mpc ;                       ;redshift;2018MNRAS.479.4136K
208;LEDA 5057055                       ;G  ;274          ;0.000914    ;274.13       ;    1;    6.08    Mpc ;                       ;redshift;2018MNRAS.479.4136K
209;SDSS J083141.20+410453.9           ;G  ;581          ;0.00194     ;581.6        ;    1;    7.90    Mpc ;                       ;redshift;2018MNRAS.479.4136K
210;LEDA 1178576                       ;G  ;701          ;0.002341    ;701.82       ;    1;    6.78    Mpc ;                       ;redshift;2018MNRAS.479.4136K
211;LEDA 1207559                       ;G  ;1528         ;0.005110    ;1531.91      ;    1;    8.28    Mpc ;                       ;redshift;2018MNRAS.479.4136K
212;2dFGRS TGS491Z111                  ;G  ;509          ;0.0017      ;510          ;    1;    6.66    Mpc ;                       ;redshift;2018MNRAS.479.4136K
213;2dFGRS TGN071Z313                  ;G  ;659          ;0.0022      ;660          ;    1;    6.80    Mpc ;                       ;redshift;2018MNRAS.479.4136K
214;NAME Sombrero UCD 1                ;G  ;1293.1       ;0.004323    ;1295.90      ;    1;    9.55    Mpc ;                       ;redshift;2018MNRAS.479.4136K
215;ESO 265-7                          ;G  ;1067.5       ;0.003567    ;1069.41      ;    1;    9.82    Mpc ;  -1.15       +1.15    ;T-F     ;2020ApJ...902..145K
216;LEDA 683190                        ;G  ;708.8        ;0.002367    ;709.64       ;    1;    5.60    Mpc ;                       ;redshift;2018MNRAS.479.4136K
217;LEDA 4078844                       ;G  ;810          ;0.00271     ;811.0        ;    1;    9.06    Mpc ;                       ;redshift;2018MNRAS.479.4136K
218;6dFGS gJ093935.1-250735            ;G  ;730          ;0.00244     ;731.0        ;    1;    6.15    Mpc ;                       ;redshift;2018MNRAS.479.4136K
219;6dFGS gJ094420.1-225458            ;G  ;718          ;0.00240     ;719.0        ;    1;    6.05    Mpc ;                       ;redshift;2018MNRAS.479.4136K
220;6dFGS gJ095637.6-092911            ;G  ;601          ;0.00201     ;602.0        ;    1;    9.38    Mpc ;                       ;redshift;2018MNRAS.479.4136K
221;ESO 375-3                          ;G  ;2611         ;0.008748    ;2622.47      ;    1;    8.99    Mpc ;  -5.91       +5.91    ;T-F     ;2020ApJ...902..145K
222;6dFGS gJ125849.6-045319            ;G  ;1313.3       ;0.004390    ;1316.19      ;    1;    6.50    Mpc ;                       ;redshift;2018MNRAS.479.4136K
223;SDSS J115220.20+152736.2           ;G  ;787          ;0.002629    ;788.04       ;    1;    9.0     Mpc ;                       ;        ;2007AJ....133.2569G
224;SDSS J115412.42+122606.3           ;G  ;1004         ;0.003355    ;1005.69      ;    1;    8.20    Mpc ;                       ;redshift;2018MNRAS.479.4136K
225;LEDA 5060050                       ;G  ;356          ;0.001188    ;356.21       ;    1;    7.73    Mpc ;                       ;redshift;2018MNRAS.479.4136K
226;LEDA 5060076                       ;G  ;351          ;0.001171    ;351.21       ;    1;    9.59    Mpc ;                       ;redshift;2018MNRAS.479.4136K
227;LEDA 4087020                       ;G  ;398          ;0.001328    ;398.26       ;    1;    8.47    Mpc ;                       ;redshift;2018MNRAS.479.4136K
228;LEDA 5059815                       ;G  ;258          ;0.000861    ;258.11       ;    1;    6.22    Mpc ;                       ;redshift;2018MNRAS.479.4136K
229;SDSS J124001.86+261916.2           ;G  ;451          ;0.001506    ;451.34       ;    1;    5.62    Mpc ;                       ;redshift;2018MNRAS.479.4136K
230;LEDA 1599237                       ;G  ;433          ;0.001445    ;433.31       ;    1;    8.90    Mpc ;                       ;redshift;2018MNRAS.479.4136K
231;LEDA 626659                        ;G  ;615          ;0.002054    ;615.63       ;    1;    7.59    Mpc ;                       ;redshift;2018MNRAS.479.4136K
232;SDSS J084337.97+402547.1           ;G  ;620          ;0.00207     ;620.6        ;    1;    7.80    Mpc ;                       ;redshift;2018MNRAS.479.4136K
233;SDSS J100036.54+303209.7           ;G  ;494          ;0.001649    ;494.41       ;    1;    7.10    Mpc ;                       ;redshift;2018MNRAS.479.4136K
234;SDSS J123109.09+420533.9           ;G  ;542          ;0.00181     ;542.6        ;    1;    8.91    Mpc ;                       ;redshift;2018MNRAS.479.4136K
235;HIPASS J0801-21                    ;G  ;729.7        ;0.002437    ;730.59       ;    1;    6.34    Mpc ;                       ;redshift;2018MNRAS.479.4136K
236;LEDA 1463377                       ;G  ;731          ;0.002441    ;731.89       ;    1;    9.90    Mpc ;                       ;redshift;2018MNRAS.479.4136K
237;SDSS J091525.83+252511.1           ;G  ;502          ;0.001676    ;502.42       ;    1;    8.90    Mpc ;                       ;redshift;2018MNRAS.479.4136K
238;LEDA 3466489                       ;G  ;640          ;0.002137    ;640.68       ;    1;    7.80    Mpc ;                       ;redshift;2018MNRAS.479.4136K
239;[KMK2013] LV J1000+5022            ;G  ;554          ;0.00185     ;554.6        ;    1;    7.97    Mpc ;                       ;redshift;2018MNRAS.479.4136K
240;LEDA 1488625                       ;G  ;560          ;0.00187     ;560.6        ;    1;    6.27    Mpc ;                       ;redshift;2018MNRAS.479.4136K
241;SDSS J120300.02+473915.1           ;G  ;491          ;0.00164     ;491.7        ;    1;    7.49    Mpc ;                       ;redshift;2018MNRAS.479.4136K
242;SDSS J120310.85+325722.2           ;G  ;494          ;0.00165     ;494.7        ;    1;    7.55    Mpc ;                       ;redshift;2018MNRAS.479.4136K
243;SDSS J120749.98+313307.7           ;G  ;558          ;0.001863    ;558.52       ;    1;    7.31    Mpc ;                       ;redshift;2018MNRAS.479.4136K
244;[KMK2013] LV J1217+3231            ;G  ;380          ;0.00127     ;380.7        ;    1;    5.93    Mpc ;                       ;redshift;2018MNRAS.479.4136K
245;[KMK2013] LV J1328+4937            ;G  ;527          ;0.00176     ;527.6        ;    1;    8.40    Mpc ;                       ;redshift;2018MNRAS.479.4136K
246;[KMK2013] LV J1342+4840            ;G  ;422          ;0.00141     ;422.7        ;    1;    8.40    Mpc ;                       ;redshift;2018MNRAS.479.4136K
247;LEDA 5072711                       ;G  ;620          ;0.002070    ;620.700      ;    1;    8.91    Mpc ;                       ;redshift;2018MNRAS.479.4136K
248;SDSS J124931.04+442133.3           ;G  ;539          ;0.00180     ;539.6        ;    1;    7.84    Mpc ;                       ;redshift;2018MNRAS.479.4136K
249;SDSS J095816.17+210520.4           ;G  ;651          ;0.002174    ;651.71       ;    1;    7.35    Mpc ;                       ;redshift;2018MNRAS.479.4136K
250;[KOV2009] 61                       ;G  ;420          ;0.001402    ;420.29       ;    1;    7.66    Mpc ;                       ;redshift;2018MNRAS.479.4136K
251;[KMK2013] Halogas                  ;G  ;528          ;0.001763    ;528.47       ;    1;    9.55    Mpc ;                       ;redshift;2018MNRAS.479.4136K
252;SDSS J225935.58+164557.2           ;G  ;363          ;0.001212    ;363.22       ;    1;    5.00    Mpc ;                       ;redshift;2018MNRAS.479.4136K
253;LEDA 4086236                       ;G  ;612          ;0.002044    ;612.63       ;    1;    7.66    Mpc ;                       ;redshift;2018MNRAS.479.4136K
254;SDSS J111521.37+191432.3           ;G  ;676          ;0.002257    ;676.76       ;    1;    7.78    Mpc ;                       ;redshift;2018MNRAS.479.4136K
255;SDSS J112934.60+104835.4           ;G  ;731          ;0.00244     ;731.5        ;    1;    8.22    Mpc ;                       ;redshift;2018MNRAS.479.4136K
256;LEDA 1528400                       ;G  ;626          ;0.00209     ;626.6        ;    1;    7.11    Mpc ;                       ;redshift;2018MNRAS.479.4136K
257;SDSS J115504.20+282052.3           ;G  ;512          ;0.00171     ;512.6        ;    1;    6.25    Mpc ;                       ;redshift;2018MNRAS.479.4136K
258;SDSS J120531.04+310434.1           ;G  ;560          ;0.00187     ;560.6        ;    1;    7.41    Mpc ;                       ;redshift;2018MNRAS.479.4136K
259;SDSS J120633.49+303715.0           ;G  ;500          ;0.00167     ;500.7        ;    1;    6.37    Mpc ;                       ;redshift;2018MNRAS.479.4136K
260;SDSS J122216.72+305323.5           ;G  ;548          ;0.00183     ;548.6        ;    1;    7.49    Mpc ;                       ;redshift;2018MNRAS.479.4136K
261;EVCC 1320                          ;G  ;470          ;0.00157     ;470.7        ;    1;    5.29    Mpc ;                       ;redshift;2018MNRAS.479.4136K
262;LEDA 2576103                       ;G  ;141          ;0.00047     ;140.9        ;    1;    6.95    Mpc ;                       ;redshift;2018MNRAS.479.4136K
263;SDSS J123034.00+231219.9           ;G  ;624          ;0.002084    ;624.65       ;    1;   10.40    Mpc ;                       ;redshift;2018MNRAS.479.4136K
264;SDSS J104955.41+230406.7           ;G  ;176872       ;0.96922     ;290564.8     ;    1;    7.02    Mpc ;                       ;redshift;2018MNRAS.479.4136K
265;AGC 124056                         ;G  ;407          ;0.001359    ;407.28       ;    1;    7.37    Mpc ;                       ;redshift;2018MNRAS.479.4136K
266;AGC 198712                         ;G  ;550          ;0.001836    ;550.51       ;    1;    7.06    Mpc ;                       ;redshift;2018MNRAS.479.4136K
267;AGC 208477                         ;G  ;583          ;0.001947    ;583.57       ;    1;    6.92    Mpc ;                       ;redshift;2018MNRAS.479.4136K